"Result","velocity:0","velocity:1","velocity:2","u_f:0","u_f:1","u_f:2","p_f","p_c","p","T","porosity","density","viscosity","thermal_expansivity","melt_density","permeability","melt_viscosity","compaction_viscosity","vtkValidPointMask","arc_length","Points:0","Points:1","Points:2"
0.001,0,-0.00016567,0,4.1146e-16,-0.00015779,0,1.1993e+07,-2.6554,1.1993e+07,0,0.001,3000,9.99e+19,0,2500,5e-18,100,9.99e+19,1,0,0,0,0
0.001,0,-0.00016567,0,1.8668e-16,-0.00015779,0,1.1969e+07,-2.1438,1.1969e+07,0,0.001,3000,9.99e+19,0,2500,5e-18,100,9.99e+19,1,0.8,0,0.8,0
0.001,0,-0.00016567,0,-9.781e-17,-0.00015779,0,1.1945e+07,-1.7272,1.1945e+07,0,0.001,3000,9.99e+19,0,2500,5e-18,100,9.99e+19,1,1.6,0,1.6,0
0.001,0,-0.00016567,0,-1.8198e-16,-0.00015779,0,1.1921e+07,-1.3886,1.1921e+07,0,0.001,3000,9.99e+19,0,2500,5.0001e-18,100,9.99e+19,1,2.4,0,2.4,0
0.001,0,-0.00016567,0,-4.3733e-17,-0.00015779,0,1.1897e+07,-1.1175,1.1897e+07,0,0.001,3000,9.99e+19,0,2500,5.0001e-18,100,9.99e+19,1,3.2,0,3.2,0
0.001,0,-0.00016567,0,8.6996e-17,-0.00015779,0,1.1873e+07,-0.90178,1.1873e+07,0,0.001,3000,9.99e+19,0,2500,5.0002e-18,100,9.99e+19,1,4,0,4,0
0.001,0,-0.00016567,0,2.2219e-16,-0.00015779,0,1.1849e+07,-0.72624,1.1849e+07,0,0.001,3000,9.99e+19,0,2500,5.0002e-18,100,9.99e+19,1,4.8,0,4.8,0
0.001,0,-0.00016567,0,1.1686e-16,-0.00015779,0,1.1825e+07,-0.5836,1.1825e+07,0,0.001,3000,9.99e+19,0,2500,5.0002e-18,100,9.99e+19,1,5.6,0,5.6,0
0.001,0,-0.00016567,0,-9.4286e-17,-0.00015779,0,1.1801e+07,-0.47124,1.1801e+07,0,0.001,3000,9.99e+19,0,2500,5.0003e-18,100,9.99e+19,1,6.4,0,6.4,0
0.001,0,-0.00016567,0,-1.1004e-16,-0.00015779,0,1.1777e+07,-0.38029,1.1777e+07,0,0.001,3000,9.99e+19,0,2500,5.0003e-18,100,9.99e+19,1,7.2,0,7.2,0
0.001,0,-0.00016567,0,-1.1286e-16,-0.00015779,0,1.1753e+07,-0.30633,1.1753e+07,0,0.001,3000,9.99e+19,0,2500,5.0004e-18,100,9.99e+19,1,8,0,8,0
0.001,0,-0.00016567,0,6.0194e-17,-0.00015779,0,1.1729e+07,-0.24683,1.1729e+07,0,0.001,3000,9.99e+19,0,2500,5.0005e-18,100,9.99e+19,1,8.8,0,8.8,0
0.001,0,-0.00016567,0,8.6996e-18,-0.00015779,0,1.1705e+07,-0.19973,1.1705e+07,0,0.001,3000,9.99e+19,0,2500,5.0005e-18,100,9.99e+19,1,9.6,0,9.6,0
0.001,0,-0.00016567,0,-7.783e-17,-0.00015779,0,1.1681e+07,-0.16139,1.1681e+07,0,0.001,3000,9.99e+19,0,2500,5.0006e-18,100,9.99e+19,1,10.4,0,10.4,0
0.001,0,-0.00016567,0,-8.5825e-17,-0.00015779,0,1.1657e+07,-0.13023,1.1657e+07,0,0.001,3000,9.99e+19,0,2500,5.0006e-18,100,9.99e+19,1,11.2,0,11.2,0
0.001,0,-0.00016567,0,-2.5865e-17,-0.00015779,0,1.1633e+07,-0.10555,1.1633e+07,0,0.001,3000,9.99e+19,0,2500,5.0007e-18,100,9.99e+19,1,12,0,12,0
0.001,0,-0.00016567,0,8.1358e-17,-0.00015779,0,1.1609e+07,-0.085681,1.1609e+07,0,0.001,3000,9.99e+19,0,2500,5.0007e-18,100,9.99e+19,1,12.8,0,12.8,0
0.0010001,0,-0.00016567,0,-3.7153e-17,-0.00015779,0,1.1585e+07,-0.069522,1.1585e+07,0,0.0010001,3000,9.99e+19,0,2500,5.0008e-18,100,9.99e+19,1,13.6,0,13.6,0
0.0010001,0,-0.00016567,0,-1.8623e-16,-0.00015779,0,1.1561e+07,-0.056455,1.1561e+07,0,0.0010001,3000,9.99e+19,0,2500,5.0008e-18,100,9.99e+19,1,14.4,0,14.4,0
0.0010001,0,-0.00016567,0,-2.6336e-16,-0.00015779,0,1.1537e+07,-0.046162,1.1537e+07,0,0.0010001,3000,9.99e+19,0,2500,5.0008e-18,100,9.99e+19,1,15.2,0,15.2,0
0.0010001,0,-0.00016567,0,-7.5246e-17,-0.00015779,0,1.1513e+07,-0.037779,1.1513e+07,0,0.0010001,3000,9.99e+19,0,2500,5.0009e-18,100,9.99e+19,1,16,0,16,0
0.0010001,0,-0.00016567,0,1.8341e-17,-0.00015779,0,1.1489e+07,-0.030961,1.1489e+07,0,0.0010001,3000,9.99e+19,0,2500,5.0009e-18,100,9.99e+19,1,16.8,0,16.8,0
0.0010001,0,-0.00016567,0,1.2533e-16,-0.00015779,0,1.1465e+07,-0.02553,1.1465e+07,0,0.0010001,3000,9.99e+19,0,2500,5.001e-18,100,9.99e+19,1,17.6,0,17.6,0
0.0010001,0,-0.00016567,0,4.4678e-17,-0.00015779,0,1.1441e+07,-0.021182,1.1441e+07,0,0.0010001,3000,9.99e+19,0,2500,5.001e-18,100,9.99e+19,1,18.4,0,18.4,0
0.0010001,0,-0.00016567,0,-1.0017e-16,-0.00015779,0,1.1417e+07,-0.017642,1.1417e+07,0,0.0010001,3000,9.99e+19,0,2500,5.0011e-18,100,9.99e+19,1,19.2,0,19.2,0
0.0010001,0,-0.00016567,0,1.1758e-16,-0.00015779,0,1.1393e+07,-0.01476,1.1393e+07,0,0.0010001,3000,9.99e+19,0,2500,5.0011e-18,100,9.99e+19,1,20,0,20,0
0.0010001,0,-0.00016567,0,2.027e-16,-0.00015779,0,1.1369e+07,-0.012498,1.1369e+07,0,0.0010001,3000,9.99e+19,0,2500,5.0012e-18,100,9.99e+19,1,20.8,0,20.8,0
0.0010001,0,-0.00016567,0,-2.3986e-17,-0.00015779,0,1.1345e+07,-0.010653,1.1345e+07,0,0.0010001,3000,9.99e+19,0,2500,5.0012e-18,100,9.99e+19,1,21.6,0,21.6,0
0.0010001,0,-0.00016567,0,-2.2316e-16,-0.00015779,0,1.1321e+07,-0.0091516,1.1321e+07,0,0.0010001,3000,9.99e+19,0,2500,5.0012e-18,100,9.99e+19,1,22.4,0,22.4,0
0.0010001,0,-0.00016567,0,-2.0811e-16,-0.00015779,0,1.1297e+07,-0.0079417,1.1297e+07,0,0.0010001,3000,9.99e+19,0,2500,5.0013e-18,100,9.99e+19,1,23.2,0,23.2,0
0.0010001,0,-0.00016567,0,-1.0465e-16,-0.00015779,0,1.1273e+07,-0.0069719,1.1273e+07,0,0.0010001,3000,9.99e+19,0,2500,5.0013e-18,100,9.99e+19,1,24,0,24,0
0.0010001,0,-0.00016567,0,-1.6414e-16,-0.00015779,0,1.1249e+07,-0.0061802,1.1249e+07,0,0.0010001,3000,9.99e+19,0,2500,5.0013e-18,100,9.99e+19,1,24.8,0,24.8,0
0.0010001,0,-0.00016567,0,-1.7355e-16,-0.00015779,0,1.1225e+07,-0.0055312,1.1225e+07,0,0.0010001,3000,9.99e+19,0,2500,5.0014e-18,100,9.99e+19,1,25.6,0,25.6,0
0.0010001,0,-0.00016567,0,-2.1541e-16,-0.00015779,0,1.1202e+07,-0.0050124,1.1202e+07,0,0.0010001,3000,9.99e+19,0,2500,5.0014e-18,100,9.99e+19,1,26.4,0,26.4,0
0.0010001,0,-0.00016567,0,-4.8914e-17,-0.00015779,0,1.1178e+07,-0.0045869,1.1178e+07,0,0.0010001,3000,9.99e+19,0,2500,5.0015e-18,100,9.99e+19,1,27.2,0,27.2,0
0.0010001,0,-0.00016567,0,1.411e-17,-0.00015779,0,1.1154e+07,-0.0042331,1.1154e+07,0,0.0010001,3000,9.99e+19,0,2500,5.0015e-18,100,9.99e+19,1,28,0,28,0
0.0010001,0,-0.00016567,0,-1.6273e-16,-0.00015779,0,1.113e+07,-0.0039445,1.113e+07,0,0.0010001,3000,9.99e+19,0,2500,5.0015e-18,100,9.99e+19,1,28.8,0,28.8,0
0.0010001,0,-0.00016567,0,-7.1491e-17,-0.00015779,0,1.1106e+07,-0.0037037,1.1106e+07,0,0.0010001,3000,9.99e+19,0,2500,5.0016e-18,100,9.99e+19,1,29.6,0,29.6,0
0.0010001,0,-0.00016567,0,-1.0912e-16,-0.00015779,0,1.1082e+07,-0.0035034,1.1082e+07,0,0.0010001,3000,9.99e+19,0,2500,5.0016e-18,100,9.99e+19,1,30.4,0,30.4,0
0.0010001,0,-0.00016567,0,2.0036e-16,-0.00015779,0,1.1058e+07,-0.003327,1.1058e+07,0,0.0010001,3000,9.99e+19,0,2500,5.0016e-18,100,9.99e+19,1,31.2,0,31.2,0
0.0010001,0,-0.00016567,0,1.0112e-16,-0.00015779,0,1.1034e+07,-0.0031787,1.1034e+07,0,0.0010001,3000,9.99e+19,0,2500,5.0016e-18,100,9.99e+19,1,32,0,32,0
0.0010001,0,-0.00016567,0,-1.03e-16,-0.00015779,0,1.101e+07,-0.0030496,1.101e+07,0,0.0010001,3000,9.99e+19,0,2500,5.0017e-18,100,9.99e+19,1,32.8,0,32.8,0
0.0010001,0,-0.00016567,0,-1.5357e-16,-0.00015779,0,1.0986e+07,-0.0029321,1.0986e+07,0,0.0010001,3000,9.99e+19,0,2500,5.0017e-18,100,9.99e+19,1,33.6,0,33.6,0
0.0010001,0,-0.00016567,0,-2.3282e-16,-0.00015779,0,1.0962e+07,-0.0028213,1.0962e+07,0,0.0010001,3000,9.99e+19,0,2500,5.0017e-18,100,9.99e+19,1,34.4,0,34.4,0
0.0010001,0,-0.00016567,0,-1.8014e-16,-0.00015779,0,1.0938e+07,-0.0027119,1.0938e+07,0,0.0010001,3000,9.99e+19,0,2500,5.0018e-18,100,9.99e+19,1,35.2,0,35.2,0
0.0010001,0,-0.00016567,0,-9.9949e-17,-0.00015779,0,1.0914e+07,-0.002603,1.0914e+07,0,0.0010001,3000,9.99e+19,0,2500,5.0018e-18,100,9.99e+19,1,36,0,36,0
0.0010001,0,-0.00016567,0,-4.6329e-17,-0.00015779,0,1.089e+07,-0.0024904,1.089e+07,0,0.0010001,3000,9.99e+19,0,2500,5.0018e-18,100,9.99e+19,1,36.8,0,36.8,0
0.0010001,0,-0.00016567,0,-2.0695e-16,-0.00015779,0,1.0866e+07,-0.0023733,1.0866e+07,0,0.0010001,3000,9.99e+19,0,2500,5.0018e-18,100,9.99e+19,1,37.6,0,37.6,0
0.0010001,0,-0.00016567,0,-3.2924e-17,-0.00015779,0,1.0842e+07,-0.002236,1.0842e+07,0,0.0010001,3000,9.99e+19,0,2500,5.0019e-18,100,9.99e+19,1,38.4,0,38.4,0
0.0010001,0,-0.00016567,0,-8.4664e-18,-0.00015779,0,1.0818e+07,-0.0020886,1.0818e+07,0,0.0010001,3000,9.99e+19,0,2500,5.0019e-18,100,9.99e+19,1,39.2,0,39.2,0
0.0010001,0,-0.00016567,0,-2.1166e-16,-0.00015779,0,1.0794e+07,-0.0019199,1.0794e+07,0,0.0010001,3000,9.99e+19,0,2500,5.0019e-18,100,9.99e+19,1,40,0,40,0
0.0010001,0,-0.00016567,0,-2.7022e-16,-0.00015779,0,1.077e+07,-0.001719,1.077e+07,0,0.0010001,3000,9.99e+19,0,2500,5.0019e-18,100,9.99e+19,1,40.8,0,40.8,0
0.0010001,0,-0.00016567,0,-2.5329e-16,-0.00015779,0,1.0746e+07,-0.0014802,1.0746e+07,0,0.0010001,3000,9.99e+19,0,2500,5.002e-18,100,9.99e+19,1,41.6,0,41.6,0
0.0010001,0,-0.00016567,0,-2.2083e-16,-0.00015779,0,1.0722e+07,-0.0011952,1.0722e+07,0,0.0010001,3000,9.99e+19,0,2500,5.002e-18,100,9.99e+19,1,42.4,0,42.4,0
0.0010001,0,-0.00016567,0,-3.2996e-16,-0.00015779,0,1.0698e+07,-0.00085508,1.0698e+07,0,0.0010001,3000,9.99e+19,0,2500,5.002e-18,100,9.99e+19,1,43.2,0,43.2,0
0.0010001,0,-0.00016567,0,-8.1138e-17,-0.00015779,0,1.0674e+07,-0.00043569,1.0674e+07,0,0.0010001,3000,9.99e+19,0,2500,5.002e-18,100,9.99e+19,1,44,0,44,0
0.0010001,0,-0.00016567,0,-2.8222e-17,-0.00015779,0,1.065e+07,7.0095e-05,1.065e+07,0,0.0010001,3000,9.99e+19,0,2500,5.0021e-18,100,9.99e+19,1,44.8,0,44.8,0
0.0010001,0,-0.00016567,0,2.1449e-16,-0.00015779,0,1.0626e+07,0.00068641,1.0626e+07,0,0.0010001,3000,9.99e+19,0,2500,5.0021e-18,100,9.99e+19,1,45.6,0,45.6,0
0.0010001,0,-0.00016567,0,1.905e-16,-0.00015779,0,1.0602e+07,0.001456,1.0602e+07,0,0.0010001,3000,9.99e+19,0,2500,5.0021e-18,100,9.99e+19,1,46.4,0,46.4,0
0.0010001,0,-0.00016567,0,2.1214e-16,-0.00015779,0,1.0578e+07,0.0024,1.0578e+07,0,0.0010001,3000,9.99e+19,0,2500,5.0021e-18,100,9.99e+19,1,47.2,0,47.2,0
0.0010001,0,-0.00016567,0,2.7046e-16,-0.00015779,0,1.0554e+07,0.003554,1.0554e+07,0,0.0010001,3000,9.99e+19,0,2500,5.0021e-18,100,9.99e+19,1,48,0,48,0
0.0010001,0,-0.00016567,0,-4.9389e-18,-0.00015779,0,1.053e+07,0.0049784,1.053e+07,0,0.0010001,3000,9.99e+19,0,2500,5.0022e-18,100,9.99e+19,1,48.8,0,48.8,0
0.0010001,0,-0.00016567,0,3.128e-17,-0.00015779,0,1.0506e+07,0.0067671,1.0506e+07,0,0.0010001,3000,9.99e+19,0,2500,5.0022e-18,100,9.99e+19,1,49.6,0,49.6,0
0.0010001,0,-0.00016567,0,1.1756e-18,-0.00015779,0,1.0482e+07,0.0089587,1.0482e+07,0,0.0010001,3000,9.99e+19,0,2500,5.0022e-18,100,9.99e+19,1,50.4,0,50.4,0
0.0010001,0,-0.00016567,0,-2.2225e-17,-0.00015779,0,1.0458e+07,0.011645,1.0458e+07,0,0.0010001,3000,9.99e+19,0,2500,5.0022e-18,100,9.99e+19,1,51.2,0,51.2,0
0.0010001,0,-0.00016567,0,-1.0877e-16,-0.00015779,0,1.0434e+07,0.015026,1.0434e+07,0,0.0010001,3000,9.99e+19,0,2500,5.0022e-18,100,9.99e+19,1,52,0,52,0
0.0010002,0,-0.00016567,0,3.9394e-17,-0.00015779,0,1.041e+07,0.019224,1.041e+07,0,0.0010002,3000,9.99e+19,0,2500,5.0023e-18,100,9.99e+19,1,52.8,0,52.8,0
0.0010002,0,-0.00016567,0,-1.3841e-16,-0.00015779,0,1.0386e+07,0.024378,1.0386e+07,0,0.0010002,3000,9.99e+19,0,2500,5.0023e-18,100,9.99e+19,1,53.6,0,53.6,0
0.0010002,0,-0.00016567,0,2.3637e-17,-0.00015779,0,1.0362e+07,0.030736,1.0362e+07,0,0.0010002,3000,9.99e+19,0,2500,5.0023e-18,100,9.99e+19,1,54.4,0,54.4,0
0.0010002,0,-0.00016567,0,9.1371e-17,-0.00015779,0,1.0338e+07,0.038796,1.0338e+07,0,0.0010002,3000,9.99e+19,0,2500,5.0023e-18,100,9.99e+19,1,55.2,0,55.2,0
0.0010002,0,-0.00016567,0,-1.0584e-17,-0.00015779,0,1.0314e+07,0.048704,1.0314e+07,0,0.0010002,3000,9.99e+19,0,2500,5.0023e-18,100,9.99e+19,1,56,0,56,0
0.0010002,0,-0.00016567,0,-3.4338e-17,-0.00015779,0,1.029e+07,0.060874,1.029e+07,0,0.0010002,3000,9.99e+19,0,2500,5.0023e-18,100,9.99e+19,1,56.8,0,56.8,0
0.0010002,0,-0.00016567,0,-7.632e-17,-0.00015779,0,1.0266e+07,0.076146,1.0266e+07,0,0.0010002,3000,9.99e+19,0,2500,5.0024e-18,100,9.99e+19,1,57.6,0,57.6,0
0.0010002,0,-0.00016567,0,-9.6664e-17,-0.00015779,0,1.0242e+07,0.095223,1.0242e+07,0,0.0010002,3000,9.99e+19,0,2500,5.0024e-18,100,9.99e+19,1,58.4,0,58.4,0
0.0010002,0,-0.00016567,0,-1.3359e-16,-0.00015779,0,1.0218e+07,0.11867,1.0218e+07,0,0.0010002,3000,9.99e+19,0,2500,5.0024e-18,100,9.99e+19,1,59.2,0,59.2,0
0.0010002,0,-0.00016567,0,-1.8521e-16,-0.00015779,0,1.0194e+07,0.14746,1.0194e+07,0,0.0010002,3000,9.99e+19,0,2500,5.0024e-18,100,9.99e+19,1,60,0,60,0
0.0010002,0,-0.00016567,0,-1.1877e-16,-0.00015779,0,1.017e+07,0.1842,1.017e+07,0,0.0010002,3000,9.99e+19,0,2500,5.0024e-18,100,9.99e+19,1,60.8,0,60.8,0
0.0010002,0,-0.00016567,0,-1.4417e-16,-0.00015779,0,1.0146e+07,0.2294,1.0146e+07,0,0.0010002,3000,9.99e+19,0,2500,5.0024e-18,100,9.99e+19,1,61.6,0,61.6,0
0.0010002,0,-0.00016567,0,-5.9504e-17,-0.00015779,0,1.0122e+07,0.28495,1.0122e+07,0,0.0010002,3000,9.99e+19,0,2500,5.0025e-18,100,9.99e+19,1,62.4,0,62.4,0
0.0010002,0,-0.00016567,0,1.4417e-16,-0.00015779,0,1.0098e+07,0.35433,1.0098e+07,0,0.0010002,3000,9.99e+19,0,2500,5.0025e-18,100,9.99e+19,1,63.2,0,63.2,0
0.0010002,0,-0.00016567,0,7.0559e-17,-0.00015779,0,1.0074e+07,0.44145,1.0074e+07,0,0.0010002,3000,9.99e+19,0,2500,5.0025e-18,100,9.99e+19,1,64,0,64,0
0.0010002,0,-0.00016567,0,5.8211e-17,-0.00015779,0,1.005e+07,0.54861,1.005e+07,0,0.0010002,3000,9.99e+19,0,2500,5.0025e-18,100,9.99e+19,1,64.8,0,64.8,0
0.0010002,0,-0.00016567,0,-9.7019e-17,-0.00015779,0,1.0026e+07,0.68023,1.0026e+07,0,0.0010002,3000,9.99e+19,0,2500,5.0026e-18,100,9.99e+19,1,65.6,0,65.6,0
0.0010002,0,-0.00016567,0,-9.843e-17,-0.00015779,0,1.0002e+07,0.84731,1.0002e+07,0,0.0010002,3000,9.99e+19,0,2500,5.0026e-18,100,9.99e+19,1,66.4,0,66.4,0
0.0010002,0,-0.00016567,0,-1.0666e-16,-0.00015779,0,9.9777e+06,1.054,9.9777e+06,0,0.0010002,3000,9.99e+19,0,2500,5.0026e-18,100,9.99e+19,1,67.2,0,67.2,0
0.0010002,0,-0.00016567,0,-2.0874e-16,-0.00015779,0,9.9537e+06,1.308,9.9537e+06,0,0.0010002,3000,9.99e+19,0,2500,5.0027e-18,100,9.99e+19,1,68,0,68,0
0.0010002,0,-0.00016567,0,2.3521e-17,-0.00015779,0,9.9297e+06,1.6235,9.9297e+06,0,0.0010002,3000,9.99e+19,0,2500,5.0027e-18,100,9.99e+19,1,68.8,0,68.8,0
0.0010002,0,-0.00016567,0,1.9251e-16,-0.00015779,0,9.9057e+06,2.0219,9.9057e+06,0,0.0010002,3000,9.99e+19,0,2500,5.0028e-18,100,9.99e+19,1,69.6,0,69.6,0
0.0010002,0,-0.00016567,0,1.2666e-16,-0.00015779,0,9.8817e+06,2.5119,9.8817e+06,0,0.0010002,3000,9.99e+19,0,2500,5.0028e-18,100,9.99e+19,1,70.4,0,70.4,0
0.0010002,0,-0.00016567,0,1.5053e-16,-0.00015779,0,9.8577e+06,3.114,9.8577e+06,0,0.0010002,3000,9.99e+19,0,2500,5.0029e-18,100,9.99e+19,1,71.2,0,71.2,0
0.0010002,0,-0.00016567,0,8.7616e-17,-0.00015779,0,9.8337e+06,3.8743,9.8337e+06,0,0.0010002,3000,9.99e+19,0,2500,5.003e-18,100,9.99e+19,1,72,0,72,0
0.0010002,0,-0.00016567,0,3.5399e-17,-0.00015778,0,9.8097e+06,4.8194,9.8097e+06,0,0.0010002,3000,9.99e+19,0,2500,5.0031e-18,100,9.99e+19,1,72.8,0,72.8,0
0.0010002,0,-0.00016567,0,-1.4466e-16,-0.00015778,0,9.7857e+06,5.9813,9.7857e+06,0,0.0010002,3000,9.99e+19,0,2500,5.0032e-18,100,9.99e+19,1,73.6,0,73.6,0
0.0010002,0,-0.00016567,0,-1.4384e-16,-0.00015778,0,9.7617e+06,7.4165,9.7617e+06,0,0.0010002,3000,9.99e+19,0,2500,5.0034e-18,100,9.99e+19,1,74.4,0,74.4,0
0.0010002,0,-0.00016567,0,-8.4565e-17,-0.00015778,0,9.7377e+06,9.2381,9.7377e+06,0,0.0010002,3000,9.99e+19,0,2500,5.0036e-18,100,9.99e+19,1,75.2,0,75.2,0
0.0010003,0,-0.00016567,0,4.7062e-18,-0.00015778,0,9.7137e+06,11.479,9.7137e+06,0,0.0010003,3000,9.99e+19,0,2500,5.0038e-18,100,9.99e+19,1,76,0,76,0
0.0010003,0,-0.00016567,0,2.3524e-17,-0.00015777,0,9.6897e+06,14.233,9.6897e+06,0,0.0010003,3000,9.99e+19,0,2500,5.0041e-18,100,9.99e+19,1,76.8,0,76.8,0
0.0010003,0,-0.00016567,0,8.9281e-17,-0.00015777,0,9.6657e+06,17.692,9.6657e+06,0,0.0010003,3000,9.99e+19,0,2500,5.0045e-18,100,9.99e+19,1,77.6,0,77.6,0
0.0010003,0,-0.00016567,0,1.5152e-16,-0.00015776,0,9.6417e+06,22.013,9.6417e+06,0,0.0010003,3000,9.99e+19,0,2500,5.005e-18,100,9.99e+19,1,78.4,0,78.4,0
0.0010004,0,-0.00016567,0,1.7106e-16,-0.00015776,0,9.6177e+06,27.326,9.6177e+06,0,0.0010004,3000,9.99e+19,0,2500,5.0056e-18,100,9.99e+19,1,79.2,0,79.2,0
0.0010004,0,-0.00016567,0,2.2943e-16,-0.00015775,0,9.5937e+06,33.85,9.5937e+06,0,0.0010004,3000,9.99e+19,0,2500,5.0063e-18,100,9.99e+19,1,80,0,80,0
0.0010005,0,-0.00016567,0,5.1827e-18,-0.00015774,0,9.5697e+06,42.174,9.5697e+06,0,0.0010005,3000,9.99e+19,0,2500,5.0072e-18,100,9.99e+19,1,80.8,0,80.8,0
0.0010006,0,-0.00016567,0,1.0921e-16,-0.00015773,0,9.5457e+06,52.415,9.5457e+06,0,0.0010006,3000,9.99e+19,0,2500,5.0083e-18,100,9.99e+19,1,81.6,0,81.6,0
0.0010006,0,-0.00016567,0,1.5114e-16,-0.00015771,0,9.5216e+06,64.999,9.5217e+06,0,0.0010006,3000,9.99e+19,0,2500,5.0096e-18,100,9.99e+19,1,82.4,0,82.4,0
0.0010008,0,-0.00016567,0,-8.7946e-17,-0.00015769,0,9.4976e+06,80.711,9.4977e+06,0,0.0010008,3000,9.99e+19,0,2500,5.0113e-18,100,9.99e+19,1,83.2,0,83.2,0
0.0010009,0,-0.00016567,0,1.9428e-17,-0.00015767,0,9.4736e+06,100.43,9.4737e+06,0,0.0010009,3000,9.99e+19,0,2500,5.0134e-18,100,9.99e+19,1,84,0,84,0
0.0010011,0,-0.00016567,0,-1.4386e-16,-0.00015764,0,9.4495e+06,124.68,9.4496e+06,0,0.0010011,3000,9.99e+19,0,2500,5.016e-18,100,9.99e+19,1,84.8,0,84.8,0
0.0010013,0,-0.00016567,0,-1.2128e-16,-0.0001576,0,9.4254e+06,154.43,9.4256e+06,0,0.0010013,3000,9.99e+19,0,2500,5.0192e-18,100,9.99e+19,1,85.6,0,85.6,0
0.0010015,0,-0.00016567,0,-2.8312e-18,-0.00015756,0,9.4014e+06,192.17,9.4015e+06,0,0.0010015,3000,9.99e+19,0,2500,5.0233e-18,100,9.99e+19,1,86.4,0,86.4,0
0.0010019,0,-0.00016567,0,-4.7092e-17,-0.0001575,0,9.3772e+06,238.78,9.3775e+06,0,0.0010019,3000,9.99e+19,0,2500,5.0283e-18,100,9.99e+19,1,87.2,0,87.2,0
0.0010023,0,-0.00016567,0,-2.3021e-17,-0.00015743,0,9.3531e+06,296,9.3534e+06,0,0.0010023,3000,9.99e+19,0,2500,5.0344e-18,100,9.99e+19,1,88,0,88,0
0.0010028,0,-0.00016567,0,-9.2196e-17,-0.00015735,0,9.329e+06,366.94,9.3293e+06,0,0.0010028,3000,9.99e+19,0,2500,5.0421e-18,100,9.99e+19,1,88.8,0,88.8,0
0.0010034,0,-0.00016567,0,1.5524e-16,-0.00015724,0,9.3048e+06,456.27,9.3052e+06,0,0.0010034,3000,9.99e+19,0,2500,5.0517e-18,100,9.99e+19,1,89.6,0,89.6,0
0.0010042,0,-0.00016567,0,2.4265e-16,-0.00015711,0,9.2805e+06,565.85,9.2811e+06,0,0.0010042,3000,9.99e+19,0,2500,5.0636e-18,100,9.99e+19,1,90.4,0,90.4,0
0.0010052,0,-0.00016567,0,3.0268e-17,-0.00015695,0,9.2562e+06,700.01,9.2569e+06,0,0.0010052,3000,9.9899e+19,0,2500,5.0781e-18,100,9.9899e+19,1,91.2,0,91.2,0
0.0010064,0,-0.00016568,0,5.7713e-17,-0.00015675,0,9.2318e+06,868.6,9.2327e+06,0,0.0010064,3000,9.9899e+19,0,2500,5.0965e-18,100,9.9899e+19,1,92,0,92,0
0.0010079,0,-0.00016568,0,3.9371e-17,-0.0001565,0,9.2073e+06,1077,9.2084e+06,0,0.0010079,3000,9.9899e+19,0,2500,5.1194e-18,100,9.9899e+19,1,92.8,0,92.8,0
0.0010097,0,-0.00016568,0,1.6413e-16,-0.0001562,0,9.1827e+06,1331.4,9.1841e+06,0,0.0010097,3000,9.9899e+19,0,2500,5.1475e-18,100,9.9899e+19,1,93.6,0,93.6,0
0.001012,0,-0.00016568,0,1.6697e-16,-0.00015583,0,9.158e+06,1643.1,9.1597e+06,0,0.001012,3000,9.9899e+19,0,2500,5.1822e-18,100,9.9899e+19,1,94.4,0,94.4,0
0.0010149,0,-0.00016568,0,6.5287e-17,-0.00015536,0,9.1331e+06,2034.1,9.1351e+06,0,0.0010149,3000,9.9899e+19,0,2500,5.2262e-18,100,9.9899e+19,1,95.2,0,95.2,0
0.0010184,0,-0.00016568,0,7.6793e-17,-0.0001548,0,9.108e+06,2509.1,9.1105e+06,0,0.0010184,3000,9.9898e+19,0,2500,5.2804e-18,100,9.9898e+19,1,96,0,96,0
0.0010226,0,-0.00016568,0,9.0002e-17,-0.00015412,0,9.0827e+06,3083.9,9.0857e+06,0,0.0010226,3000,9.9898e+19,0,2500,5.3469e-18,100,9.9898e+19,1,96.8,0,96.8,0
0.0010279,0,-0.00016568,0,-2.6543e-17,-0.00015328,0,9.057e+06,3790.9,9.0608e+06,0,0.0010279,3000,9.9897e+19,0,2500,5.4304e-18,100,9.9897e+19,1,97.6,0,97.6,0
0.0010344,0,-0.00016568,0,-6.1244e-17,-0.00015226,0,9.031e+06,4652.1,9.0357e+06,0,0.0010344,3000,9.9897e+19,0,2500,5.5345e-18,100,9.9897e+19,1,98.4,0,98.4,0
0.0010423,0,-0.00016568,0,-9.4225e-17,-0.00015106,0,9.0046e+06,5681.4,9.0103e+06,0,0.0010423,3000,9.9896e+19,0,2500,5.6625e-18,100,9.9896e+19,1,99.2,0,99.2,0
0.0010519,0,-0.00016568,0,4.2275e-17,-0.00015056,0,8.9778e+06,6903.5,8.9847e+06,0,0.0010519,3000,9.9895e+19,0,2500,5.8195e-18,100,9.9895e+19,1,100,0,100,0
0.0010638,0,-0.00016568,0,8.5281e-17,-0.0001479,0,8.9503e+06,8387.9,8.9587e+06,0,0.0010638,3000,9.9894e+19,0,2500,6.0193e-18,100,9.9894e+19,1,100.8,0,100.8,0
0.001078,0,-0.00016569,0,3.0316e-17,-0.00014589,0,8.9223e+06,10124,8.9324e+06,0,0.001078,3000,9.9892e+19,0,2500,6.2647e-18,100,9.9892e+19,1,101.6,0,101.6,0
0.001095,0,-0.00016569,0,4.2628e-17,-0.00014358,0,8.8936e+06,12133,8.9057e+06,0,0.001095,3000,9.9891e+19,0,2500,6.5655e-18,100,9.9891e+19,1,102.4,0,102.4,0
0.0011154,0,-0.00016569,0,3.2269e-16,-0.00014092,0,8.8641e+06,14459,8.8786e+06,0,0.0011154,3000,9.9888e+19,0,2500,6.9395e-18,100,9.9888e+19,1,103.2,0,103.2,0
0.0011399,0,-0.0001657,0,2.7501e-16,-0.0001379,0,8.8339e+06,17120,8.8511e+06,0,0.0011399,3000,9.9886e+19,0,2500,7.4067e-18,100,9.9886e+19,1,104,0,104,0
0.0011684,0,-0.0001657,0,1.9287e-16,-0.00013456,0,8.803e+06,20086,8.8231e+06,0,0.0011684,3000,9.9883e+19,0,2500,7.9776e-18,100,9.9883e+19,1,104.8,0,104.8,0
0.0012015,0,-0.00016571,0,2.1198e-16,-0.0001309,0,8.7714e+06,23345,8.7948e+06,0,0.0012015,3000,9.988e+19,0,2500,8.6732e-18,100,9.988e+19,1,105.6,0,105.6,0
0.0012404,0,-0.00016571,0,4.2847e-16,-0.00012693,0,8.7391e+06,26909,8.7661e+06,0,0.0012404,3000,9.9876e+19,0,2500,9.5456e-18,100,9.9876e+19,1,106.4,0,106.4,0
0.0012848,0,-0.00016572,0,5.2849e-16,-0.00012272,0,8.7063e+06,30699,8.737e+06,0,0.0012848,3000,9.9872e+19,0,2500,1.061e-17,100,9.9872e+19,1,107.2,0,107.2,0
0.0013348,0,-0.00016573,0,4.1025e-16,-0.00011833,0,8.673e+06,34657,8.7078e+06,0,0.0013348,3000,9.9867e+19,0,2500,1.1897e-17,100,9.9867e+19,1,108,0,108,0
0.0013911,0,-0.00016574,0,-7.5178e-18,-0.0001138,0,8.6395e+06,38731,8.6783e+06,0,0.0013911,3000,9.9861e+19,0,2500,1.3463e-17,100,9.9861e+19,1,108.8,0,108.8,0
0.0014541,0,-0.00016575,0,-1.5743e-16,-0.00010921,0,8.6059e+06,42849,8.6489e+06,0,0.0014541,3000,9.9855e+19,0,2500,1.5386e-17,100,9.9855e+19,1,109.6,0,109.6,0
0.0015231,0,-0.00016576,0,1.8753e-16,-0.00010462,0,8.5724e+06,46940,8.6194e+06,0,0.0015231,3000,9.9848e+19,0,2500,1.7684e-17,100,9.9848e+19,1,110.4,0,110.4,0
0.0015981,0,-0.00016577,0,4.9061e-16,-0.00010008,0,8.5391e+06,50948,8.5901e+06,0,0.0015981,3000,9.984e+19,0,2500,2.0412e-17,100,9.984e+19,1,111.2,0,111.2,0
0.0016795,0,-0.00016579,0,1.8735e-16,-9.5638e-05,0,8.5061e+06,54802,8.561e+06,0,0.0016795,3000,9.9832e+19,0,2500,2.3705e-17,100,9.9832e+19,1,112,0,112,0
0.0017667,0,-0.0001658,0,2.8443e-16,-9.1338e-05,0,8.4735e+06,58466,8.5321e+06,0,0.0017667,3000,9.9823e+19,0,2500,2.7605e-17,100,9.9823e+19,1,112.8,0,112.8,0
0.0018591,0,-0.00016582,0,4.8117e-16,-8.7196e-05,0,8.4415e+06,61920,8.5035e+06,0,0.0018591,3000,9.9814e+19,0,2500,3.2156e-17,100,9.9814e+19,1,113.6,0,113.6,0
0.0019565,0,-0.00016583,0,4.4665e-16,-8.3235e-05,0,8.41e+06,65136,8.4752e+06,0,0.0019565,3000,9.9804e+19,0,2500,3.7456e-17,100,9.9804e+19,1,114.4,0,114.4,0
0.0020591,0,-0.00016585,0,4.282e-16,-7.9491e-05,0,8.3791e+06,68071,8.4474e+06,0,0.0020591,3000,9.9794e+19,0,2500,4.37e-17,100,9.9794e+19,1,115.2,0,115.2,0
0.0021658,0,-0.00016587,0,3.311e-16,-7.5941e-05,0,8.3489e+06,70758,8.4198e+06,0,0.0021658,3000,9.9783e+19,0,2500,5.0854e-17,100,9.9783e+19,1,116,0,116,0
0.0022763,0,-0.00016588,0,6.7875e-17,-7.2586e-05,0,8.3192e+06,73198,8.3926e+06,0,0.0022763,3000,9.9772e+19,0,2500,5.8999e-17,100,9.9772e+19,1,116.8,0,116.8,0
0.0023904,0,-0.0001659,0,-8.4357e-17,-6.9442e-05,0,8.2901e+06,75372,8.3657e+06,0,0.0023904,3000,9.9761e+19,0,2500,6.8336e-17,100,9.9761e+19,1,117.6,0,117.6,0
0.0025078,0,-0.00016592,0,-2.9505e-16,-6.6498e-05,0,8.2617e+06,77298,8.3391e+06,0,0.0025078,3000,9.9749e+19,0,2500,7.8936e-17,100,9.9749e+19,1,118.4,0,118.4,0
0.0026278,0,-0.00016594,0,-2.4328e-16,-6.3731e-05,0,8.2337e+06,79003,8.3129e+06,0,0.0026278,3000,9.9737e+19,0,2500,9.0797e-17,100,9.9737e+19,1,119.2,0,119.2,0
0.0027501,0,-0.00016596,0,-8.8911e-17,-6.1134e-05,0,8.2062e+06,80501,8.2869e+06,0,0.0027501,3000,9.9725e+19,0,2500,1.04e-16,100,9.9725e+19,1,120,0,120,0
0.0028748,0,-0.00016598,0,4.2933e-17,-5.8725e-05,0,8.1792e+06,81771,8.2613e+06,0,0.0028748,3000,9.9713e+19,0,2500,1.1888e-16,100,9.9713e+19,1,120.8,0,120.8,0
0.0030012,0,-0.000166,0,-3.6802e-17,-5.6464e-05,0,8.1527e+06,82861,8.2358e+06,0,0.0030012,3000,9.97e+19,0,2500,1.3527e-16,100,9.97e+19,1,121.6,0,121.6,0
0.0031291,0,-0.00016602,0,8.7194e-18,-5.4344e-05,0,8.1266e+06,83783,8.2106e+06,0,0.0031291,3000,9.9687e+19,0,2500,1.5325e-16,100,9.9687e+19,1,122.4,0,122.4,0
0.0032582,0,-0.00016605,0,2.3713e-17,-5.2363e-05,0,8.1008e+06,84538,8.1856e+06,0,0.0032582,3000,9.9674e+19,0,2500,1.73e-16,100,9.9674e+19,1,123.2,0,123.2,0
0.0033885,0,-0.00016607,0,1.3256e-16,-5.0515e-05,0,8.0754e+06,85135,8.1609e+06,0,0.0033885,3000,9.9661e+19,0,2500,1.9465e-16,100,9.9661e+19,1,124,0,124,0
0.0035195,0,-0.00016609,0,1.625e-16,-4.8779e-05,0,8.0504e+06,85601,8.1363e+06,0,0.0035195,3000,9.9648e+19,0,2500,2.1809e-16,100,9.9648e+19,1,124.8,0,124.8,0
0.003651,0,-0.00016611,0,8.429e-17,-4.7148e-05,0,8.0256e+06,85945,8.1118e+06,0,0.003651,3000,9.9635e+19,0,2500,2.4336e-16,100,9.9635e+19,1,125.6,0,125.6,0
0.0037831,0,-0.00016613,0,-1.1568e-16,-4.5627e-05,0,8.0011e+06,86159,8.0876e+06,0,0.0037831,3000,9.9622e+19,0,2500,2.7082e-16,100,9.9622e+19,1,126.4,0,126.4,0
0.0039153,0,-0.00016615,0,-1.3817e-16,-4.4197e-05,0,7.9769e+06,86268,8.0635e+06,0,0.0039153,3000,9.9608e+19,0,2500,3.0026e-16,100,9.9608e+19,1,127.2,0,127.2,0
0.0040476,0,-0.00016618,0,-1.537e-16,-4.2849e-05,0,7.9528e+06,86282,8.0395e+06,0,0.0040476,3000,9.9595e+19,0,2500,3.3167e-16,100,9.9595e+19,1,128,0,128,0
0.0041799,0,-0.0001662,0,-9.8403e-17,-4.1582e-05,0,7.929e+06,86204,8.0156e+06,0,0.0041799,3000,9.9582e+19,0,2500,3.6519e-16,100,9.9582e+19,1,128.8,0,128.8,0
0.0043119,0,-0.00016622,0,-3.4372e-17,-4.0395e-05,0,7.9055e+06,86034,7.9919e+06,0,0.0043119,3000,9.9569e+19,0,2500,4.01e-16,100,9.9569e+19,1,129.6,0,129.6,0
0.0044436,0,-0.00016624,0,1.1328e-16,-3.9272e-05,0,7.882e+06,85790,7.9682e+06,0,0.0044436,3000,9.9556e+19,0,2500,4.3887e-16,100,9.9556e+19,1,130.4,0,130.4,0
0.0045749,0,-0.00016626,0,2.4133e-16,-3.8211e-05,0,7.8588e+06,85477,7.9447e+06,0,0.0045749,3000,9.9543e+19,0,2500,4.7881e-16,100,9.9543e+19,1,131.2,0,131.2,0
0.0047056,0,-0.00016629,0,1.8404e-16,-3.7213e-05,0,7.8357e+06,85092,7.9212e+06,0,0.0047056,3000,9.9529e+19,0,2500,5.2108e-16,100,9.9529e+19,1,132,0,132,0
0.0048356,0,-0.00016631,0,3.1125e-16,-3.6271e-05,0,7.8128e+06,84644,7.8978e+06,0,0.0048356,3000,9.9516e+19,0,2500,5.6555e-16,100,9.9516e+19,1,132.8,0,132.8,0
0.0049649,0,-0.00016633,0,1.6176e-16,-3.5376e-05,0,7.79e+06,84142,7.8745e+06,0,0.0049649,3000,9.9504e+19,0,2500,6.1208e-16,100,9.9504e+19,1,133.6,0,133.6,0
0.0050935,0,-0.00016635,0,-1.266e-17,-3.4346e-05,0,7.7673e+06,83588,7.8513e+06,0,0.0050935,3000,9.9491e+19,0,2500,6.6074e-16,100,9.9491e+19,1,134.4,0,134.4,0
0.005221,0,-0.00016637,0,-2.6787e-16,-3.0622e-05,0,7.7447e+06,82979,7.8281e+06,0,0.005221,3000,9.9478e+19,0,2500,7.1175e-16,100,9.9478e+19,1,135.2,0,135.2,0
0.0053476,0,-0.00016639,0,-6.5757e-17,-3.297e-05,0,7.7223e+06,82326,7.805e+06,0,0.0053476,3000,9.9465e+19,0,2500,7.648e-16,100,9.9465e+19,1,136,0,136,0
0.0054732,0,-0.00016641,0,-5.4465e-16,-3.2248e-05,0,7.6999e+06,81632,7.782e+06,0,0.0054732,3000,9.9453e+19,0,2500,8.1984e-16,100,9.9453e+19,1,136.8,0,136.8,0
0.0055976,0,-0.00016643,0,-1.5165e-17,-3.1563e-05,0,7.6776e+06,80896,7.759e+06,0,0.0055976,3000,9.944e+19,0,2500,8.7705e-16,100,9.944e+19,1,137.6,0,137.6,0
0.0057208,0,-0.00016645,0,-9.9561e-18,-3.0912e-05,0,7.6555e+06,80121,7.7361e+06,0,0.0057208,3000,9.9428e+19,0,2500,9.3634e-16,100,9.9428e+19,1,138.4,0,138.4,0
0.0058429,0,-0.00016647,0,2.744e-17,-3.0292e-05,0,7.6334e+06,79314,7.7132e+06,0,0.0058429,3000,9.9416e+19,0,2500,9.9751e-16,100,9.9416e+19,1,139.2,0,139.2,0
0.0059637,0,-0.00016649,0,-1.0453e-16,-2.97e-05,0,7.6114e+06,78475,7.6903e+06,0,0.0059637,3000,9.9404e+19,0,2500,1.0605e-15,100,9.9404e+19,1,140,0,140,0
0.0060831,0,-0.00016651,0,6.2245e-17,-2.9139e-05,0,7.5894e+06,77602,7.6675e+06,0,0.0060831,3000,9.9392e+19,0,2500,1.1256e-15,100,9.9392e+19,1,140.8,0,140.8,0
0.0062011,0,-0.00016653,0,3.5427e-16,-2.8603e-05,0,7.5675e+06,76701,7.6447e+06,0,0.0062011,3000,9.938e+19,0,2500,1.1925e-15,100,9.938e+19,1,141.6,0,141.6,0
0.0063178,0,-0.00016655,0,-2.5713e-17,-2.8091e-05,0,7.5457e+06,75775,7.622e+06,0,0.0063178,3000,9.9368e+19,0,2500,1.261e-15,100,9.9368e+19,1,142.4,0,142.4,0
0.006433,0,-0.00016657,0,4.4857e-17,-2.7602e-05,0,7.524e+06,74823,7.5993e+06,0,0.006433,3000,9.9357e+19,0,2500,1.3312e-15,100,9.9357e+19,1,143.2,0,143.2,0
0.0065467,0,-0.00016659,0,1.7309e-16,-2.7136e-05,0,7.5023e+06,73847,7.5766e+06,0,0.0065467,3000,9.9345e+19,0,2500,1.4031e-15,100,9.9345e+19,1,144,0,144,0
0.0066589,0,-0.00016661,0,-2.1968e-16,-2.669e-05,0,7.4806e+06,72848,7.554e+06,0,0.0066589,3000,9.9334e+19,0,2500,1.4765e-15,100,9.9334e+19,1,144.8,0,144.8,0
0.0067696,0,-0.00016663,0,-2.6937e-16,-2.6262e-05,0,7.459e+06,71830,7.5314e+06,0,0.0067696,3000,9.9323e+19,0,2500,1.5512e-15,100,9.9323e+19,1,145.6,0,145.6,0
0.0068786,0,-0.00016665,0,-2.0705e-16,-2.5855e-05,0,7.4375e+06,70790,7.5088e+06,0,0.0068786,3000,9.9312e+19,0,2500,1.6274e-15,100,9.9312e+19,1,146.4,0,146.4,0
0.006986,0,-0.00016666,0,-2.7943e-16,-2.5464e-05,0,7.416e+06,69732,7.4862e+06,0,0.006986,3000,9.9301e+19,0,2500,1.7049e-15,100,9.9301e+19,1,147.2,0,147.2,0
0.0070918,0,-0.00016668,0,-2.9016e-17,-2.5089e-05,0,7.3945e+06,68657,7.4637e+06,0,0.0070918,3000,9.9291e+19,0,2500,1.7835e-15,100,9.9291e+19,1,148,0,148,0
0.007196,0,-0.0001667,0,-6.0875e-16,-2.4729e-05,0,7.3731e+06,67566,7.4412e+06,0,0.007196,3000,9.928e+19,0,2500,1.8632e-15,100,9.928e+19,1,148.8,0,148.8,0
0.0072984,0,-0.00016672,0,-3.9763e-16,-2.4386e-05,0,7.3517e+06,66457,7.4187e+06,0,0.0072984,3000,9.927e+19,0,2500,1.9439e-15,100,9.927e+19,1,149.6,0,149.6,0
0.0073991,0,-0.00016673,0,2.0751e-16,-2.4056e-05,0,7.3304e+06,65335,7.3962e+06,0,0.0073991,3000,9.926e+19,0,2500,2.0255e-15,100,9.926e+19,1,150.4,0,150.4,0
0.0074981,0,-0.00016675,0,1.7821e-16,-2.3738e-05,0,7.3091e+06,64199,7.3737e+06,0,0.0074981,3000,9.925e+19,0,2500,2.1078e-15,100,9.925e+19,1,151.2,0,151.2,0
0.0075953,0,-0.00016676,0,-2.0131e-16,-2.3435e-05,0,7.2878e+06,63048,7.3513e+06,0,0.0075953,3000,9.924e+19,0,2500,2.1909e-15,100,9.924e+19,1,152,0,152,0
0.0076907,0,-0.00016678,0,4.3195e-16,-2.3143e-05,0,7.2665e+06,61885,7.3289e+06,0,0.0076907,3000,9.9231e+19,0,2500,2.2746e-15,100,9.9231e+19,1,152.8,0,152.8,0
0.0077844,0,-0.0001668,0,1.2641e-16,-2.2862e-05,0,7.2453e+06,60711,7.3065e+06,0,0.0077844,3000,9.9222e+19,0,2500,2.3587e-15,100,9.9222e+19,1,153.6,0,153.6,0
0.0078763,0,-0.00016681,0,3.4981e-16,-2.2592e-05,0,7.2241e+06,59525,7.2841e+06,0,0.0078763,3000,9.9212e+19,0,2500,2.4431e-15,100,9.9212e+19,1,154.4,0,154.4,0
0.0079662,0,-0.00016683,0,0,-2.2334e-05,0,7.2029e+06,58328,7.2617e+06,0,0.0079662,3000,9.9203e+19,0,2500,2.5279e-15,100,9.9203e+19,1,155.2,0,155.2,0
0.0080544,0,-0.00016684,0,-2.3035e-16,-2.2085e-05,0,7.1818e+06,57121,7.2393e+06,0,0.0080544,3000,9.9195e+19,0,2500,2.6127e-15,100,9.9195e+19,1,156,0,156,0
0.0081408,0,-0.00016686,0,-4.6068e-17,-2.1846e-05,0,7.1606e+06,55905,7.217e+06,0,0.0081408,3000,9.9186e+19,0,2500,2.6976e-15,100,9.9186e+19,1,156.8,0,156.8,0
0.0082252,0,-0.00016687,0,-6.4476e-17,-2.1616e-05,0,7.1395e+06,54679,7.1946e+06,0,0.0082252,3000,9.9177e+19,0,2500,2.7824e-15,100,9.9177e+19,1,157.6,0,157.6,0
0.0083077,0,-0.00016688,0,-3.1567e-16,-2.1395e-05,0,7.1184e+06,53444,7.1723e+06,0,0.0083077,3000,9.9169e+19,0,2500,2.867e-15,100,9.9169e+19,1,158.4,0,158.4,0
0.0083884,0,-0.0001669,0,2.4175e-16,-2.1182e-05,0,7.0974e+06,52202,7.15e+06,0,0.0083884,3000,9.9161e+19,0,2500,2.9513e-15,100,9.9161e+19,1,159.2,0,159.2,0
0.0084672,0,-0.00016691,0,0,-2.0977e-05,0,7.0763e+06,50951,7.1277e+06,0,0.0084672,3000,9.9153e+19,0,2500,3.0353e-15,100,9.9153e+19,1,160,0,160,0
0.008544,0,-0.00016692,0,1.8202e-16,-2.078e-05,0,7.0553e+06,49693,7.1054e+06,0,0.008544,3000,9.9146e+19,0,2500,3.1186e-15,100,9.9146e+19,1,160.8,0,160.8,0
0.0086188,0,-0.00016694,0,2.8601e-16,-2.0591e-05,0,7.0343e+06,48427,7.0831e+06,0,0.0086188,3000,9.9138e+19,0,2500,3.2013e-15,100,9.9138e+19,1,161.6,0,161.6,0
0.0086918,0,-0.00016695,0,1.869e-16,-2.0408e-05,0,7.0133e+06,47156,7.0608e+06,0,0.0086918,3000,9.9131e+19,0,2500,3.2833e-15,100,9.9131e+19,1,162.4,0,162.4,0
0.0087629,0,-0.00016696,0,0,-2.0233e-05,0,6.9923e+06,45877,7.0386e+06,0,0.0087629,3000,9.9124e+19,0,2500,3.3644e-15,100,9.9124e+19,1,163.2,0,163.2,0
0.0088318,0,-0.00016697,0,1.8472e-16,-2.0065e-05,0,6.9713e+06,44592,7.0163e+06,0,0.0088318,3000,9.9117e+19,0,2500,3.4445e-15,100,9.9117e+19,1,164,0,164,0
0.0088989,0,-0.00016698,0,1.4777e-16,-1.9902e-05,0,6.9504e+06,43302,6.9941e+06,0,0.0088989,3000,9.911e+19,0,2500,3.5236e-15,100,9.911e+19,1,164.8,0,164.8,0
0.0089641,0,-0.00016699,0,-2.2682e-16,-1.9746e-05,0,6.9294e+06,42006,6.9718e+06,0,0.0089641,3000,9.9104e+19,0,2500,3.6016e-15,100,9.9104e+19,1,165.6,0,165.6,0
0.0090271,0,-0.000167,0,-2.4721e-16,-1.9596e-05,0,6.9085e+06,40705,6.9496e+06,0,0.0090271,3000,9.9097e+19,0,2500,3.6781e-15,100,9.9097e+19,1,166.4,0,166.4,0
0.0090882,0,-0.00016701,0,-2.7563e-16,-1.9452e-05,0,6.8876e+06,39398,6.9273e+06,0,0.0090882,3000,9.9091e+19,0,2500,3.7533e-15,100,9.9091e+19,1,167.2,0,167.2,0
0.0091473,0,-0.00016702,0,1.9656e-18,-1.9314e-05,0,6.8667e+06,38087,6.9051e+06,0,0.0091473,3000,9.9085e+19,0,2500,3.827e-15,100,9.9085e+19,1,168,0,168,0
0.0092045,0,-0.00016703,0,2.289e-16,-1.9181e-05,0,6.8458e+06,36772,6.8829e+06,0,0.0092045,3000,9.908e+19,0,2500,3.8992e-15,100,9.908e+19,1,168.8,0,168.8,0
0.0092595,0,-0.00016704,0,1.8249e-16,-1.8605e-05,0,6.8249e+06,35452,6.8607e+06,0,0.0092595,3000,9.9074e+19,0,2500,3.9695e-15,100,9.9074e+19,1,169.6,0,169.6,0
0.0093126,0,-0.00016705,0,1.8853e-17,-1.8482e-05,0,6.804e+06,34128,6.8385e+06,0,0.0093126,3000,9.9069e+19,0,2500,4.0382e-15,100,9.9069e+19,1,170.4,0,170.4,0
0.0093637,0,-0.00016706,0,-2.0456e-17,-1.8812e-05,0,6.7832e+06,32801,6.8163e+06,0,0.0093637,3000,9.9064e+19,0,2500,4.105e-15,100,9.9064e+19,1,171.2,0,171.2,0
0.0094127,0,-0.00016707,0,-5.2407e-17,-1.87e-05,0,6.7623e+06,31470,6.7941e+06,0,0.0094127,3000,9.9059e+19,0,2500,4.1698e-15,100,9.9059e+19,1,172,0,172,0
0.0094596,0,-0.00016708,0,-5.1646e-16,-1.8592e-05,0,6.7415e+06,30135,6.7719e+06,0,0.0094596,3000,9.9054e+19,0,2500,4.2325e-15,100,9.9054e+19,1,172.8,0,172.8,0
0.0095046,0,-0.00016708,0,-3.9223e-16,-1.8488e-05,0,6.7206e+06,28797,6.7497e+06,0,0.0095046,3000,9.905e+19,0,2500,4.2931e-15,100,9.905e+19,1,173.6,0,173.6,0
0.0095476,0,-0.00016709,0,5.0346e-16,-1.8389e-05,0,6.6998e+06,27457,6.7275e+06,0,0.0095476,3000,9.9045e+19,0,2500,4.3516e-15,100,9.9045e+19,1,174.4,0,174.4,0
0.0095883,0,-0.0001671,0,1.6401e-16,-1.8294e-05,0,6.679e+06,26113,6.7053e+06,0,0.0095883,3000,9.9041e+19,0,2500,4.4076e-15,100,9.9041e+19,1,175.2,0,175.2,0
0.0096271,0,-0.0001671,0,4.3421e-16,-1.8204e-05,0,6.6581e+06,24766,6.6831e+06,0,0.0096271,3000,9.9037e+19,0,2500,4.4613e-15,100,9.9037e+19,1,176,0,176,0
0.0096639,0,-0.00016711,0,2.4171e-16,-1.8117e-05,0,6.6373e+06,23417,6.661e+06,0,0.0096639,3000,9.9034e+19,0,2500,4.5126e-15,100,9.9034e+19,1,176.8,0,176.8,0
0.0096986,0,-0.00016712,0,4.4433e-17,-1.8035e-05,0,6.6165e+06,22066,6.6388e+06,0,0.0096986,3000,9.903e+19,0,2500,4.5614e-15,100,9.903e+19,1,177.6,0,177.6,0
0.0097311,0,-0.00016712,0,1.5551e-16,-1.7957e-05,0,6.5957e+06,20713,6.6166e+06,0,0.0097311,3000,9.9027e+19,0,2500,4.6075e-15,100,9.9027e+19,1,178.4,0,178.4,0
0.0097617,0,-0.00016713,0,0,-1.7882e-05,0,6.5749e+06,19357,6.5945e+06,0,0.0097617,3000,9.9024e+19,0,2500,4.651e-15,100,9.9024e+19,1,179.2,0,179.2,0
0.0097903,0,-0.00016713,0,0,-1.7812e-05,0,6.5541e+06,18000,6.5723e+06,0,0.0097903,3000,9.9021e+19,0,2500,4.692e-15,100,9.9021e+19,1,180,0,180,0
0.0098166,0,-0.00016714,0,-7.9529e-17,-1.7745e-05,0,6.5333e+06,16641,6.5501e+06,0,0.0098166,3000,9.9018e+19,0,2500,4.7299e-15,100,9.9018e+19,1,180.8,0,180.8,0
0.0098409,0,-0.00016714,0,1.9433e-16,-1.7682e-05,0,6.5125e+06,15280,6.528e+06,0,0.0098409,3000,9.9016e+19,0,2500,4.7651e-15,100,9.9016e+19,1,181.6,0,181.6,0
0.0098632,0,-0.00016714,0,5.7183e-16,-1.7623e-05,0,6.4918e+06,13918,6.5058e+06,0,0.0098632,3000,9.9014e+19,0,2500,4.7976e-15,100,9.9014e+19,1,182.4,0,182.4,0
0.0098834,0,-0.00016715,0,-5.0509e-16,-1.7567e-05,0,6.471e+06,12554,6.4837e+06,0,0.0098834,3000,9.9012e+19,0,2500,4.8272e-15,100,9.9012e+19,1,183.2,0,183.2,0
0.0099014,0,-0.00016715,0,-3.4631e-16,-1.7514e-05,0,6.4502e+06,11189,6.4615e+06,0,0.0099014,3000,9.901e+19,0,2500,4.8536e-15,100,9.901e+19,1,184,0,184,0
0.0099175,0,-0.00016715,0,-4.7376e-16,-1.7466e-05,0,6.4294e+06,9823.7,6.4394e+06,0,0.0099175,3000,9.9008e+19,0,2500,4.8772e-15,100,9.9008e+19,1,184.8,0,184.8,0
0.0099315,0,-0.00016715,0,-1.1569e-17,-1.742e-05,0,6.4087e+06,8457,6.4172e+06,0,0.0099315,3000,9.9007e+19,0,2500,4.898e-15,100,9.9007e+19,1,185.6,0,185.6,0
0.0099433,0,-0.00016716,0,-2.2075e-16,-1.7378e-05,0,6.3879e+06,7089.6,6.3951e+06,0,0.0099433,3000,9.9006e+19,0,2500,4.9154e-15,100,9.9006e+19,1,186.4,0,186.4,0
0.009953,0,-0.00016716,0,-4.5448e-16,-1.734e-05,0,6.3671e+06,5721.4,6.3729e+06,0,0.009953,3000,9.9005e+19,0,2500,4.9298e-15,100,9.9005e+19,1,187.2,0,187.2,0
0.0099607,0,-0.00016716,0,-4.0813e-16,-1.7304e-05,0,6.3464e+06,4352.8,6.3508e+06,0,0.0099607,3000,9.9004e+19,0,2500,4.9413e-15,100,9.9004e+19,1,188,0,188,0
0.0099664,0,-0.00016716,0,2.9192e-16,-1.7272e-05,0,6.3256e+06,2983.8,6.3286e+06,0,0.0099664,3000,9.9003e+19,0,2500,4.9498e-15,100,9.9003e+19,1,188.8,0,188.8,0
0.0099698,0,-0.00016716,0,1.8693e-16,-1.7244e-05,0,6.3048e+06,1614.4,6.3065e+06,0,0.0099698,3000,9.9003e+19,0,2500,4.9548e-15,100,9.9003e+19,1,189.6,0,189.6,0
0.0099712,0,-0.00016716,0,-3.7403e-16,-1.7219e-05,0,6.2841e+06,244.98,6.2843e+06,0,0.0099712,3000,9.9003e+19,0,2500,4.9569e-15,100,9.9003e+19,1,190.4,0,190.4,0
0.0099706,0,-0.00016716,0,-4.6758e-17,-1.7196e-05,0,6.2633e+06,-1124.5,6.2622e+06,0,0.0099706,3000,9.9003e+19,0,2500,4.9561e-15,100,9.9003e+19,1,191.2,0,191.2,0
0.0099678,0,-0.00016716,0,-7.5929e-16,-1.7178e-05,0,6.2425e+06,-2493.9,6.24e+06,0,0.0099678,3000,9.9003e+19,0,2500,4.9519e-15,100,9.9003e+19,1,192,0,192,0
0.0099629,0,-0.00016716,0,-1.1801e-17,-1.7162e-05,0,6.2218e+06,-3863.1,6.2179e+06,0,0.0099629,3000,9.9004e+19,0,2500,4.9446e-15,100,9.9004e+19,1,192.8,0,192.8,0
0.009956,0,-0.00016716,0,6.9977e-17,-1.715e-05,0,6.201e+06,-5231.9,6.1957e+06,0,0.009956,3000,9.9004e+19,0,2500,4.9344e-15,100,9.9004e+19,1,193.6,0,193.6,0
0.0099471,0,-0.00016716,0,-5.4676e-16,-1.7141e-05,0,6.1802e+06,-6600.2,6.1736e+06,0,0.0099471,3000,9.9005e+19,0,2500,4.9211e-15,100,9.9005e+19,1,194.4,0,194.4,0
0.0099359,0,-0.00016716,0,2.9014e-16,-1.7135e-05,0,6.1595e+06,-7967.9,6.1514e+06,0,0.0099359,3000,9.9006e+19,0,2500,4.9045e-15,100,9.9006e+19,1,195.2,0,195.2,0
0.0099227,0,-0.00016715,0,-4.045e-16,-1.7133e-05,0,6.1387e+06,-9334.8,6.1293e+06,0,0.0099227,3000,9.9008e+19,0,2500,4.885e-15,100,9.9008e+19,1,196,0,196,0
0.0099075,0,-0.00016715,0,-1.0408e-16,-1.7134e-05,0,6.1179e+06,-10701,6.1071e+06,0,0.0099075,3000,9.9009e+19,0,2500,4.8626e-15,100,9.9009e+19,1,196.8,0,196.8,0
0.0098901,0,-0.00016715,0,-4.5883e-17,-1.7138e-05,0,6.0972e+06,-12066,6.085e+06,0,0.0098901,3000,9.9011e+19,0,2500,4.837e-15,100,9.9011e+19,1,197.6,0,197.6,0
0.0098706,0,-0.00016714,0,-3.4826e-17,-1.7146e-05,0,6.0764e+06,-13430,6.0628e+06,0,0.0098706,3000,9.9013e+19,0,2500,4.8085e-15,100,9.9013e+19,1,198.4,0,198.4,0
0.0098492,0,-0.00016714,0,8.0031e-17,-1.7156e-05,0,6.0556e+06,-14793,6.0407e+06,0,0.0098492,3000,9.9015e+19,0,2500,4.7771e-15,100,9.9015e+19,1,199.2,0,199.2,0
0.0098257,0,-0.00016714,0,8.5122e-16,-1.7722e-05,0,6.0348e+06,-16154,6.0185e+06,0,0.0098257,3000,9.9017e+19,0,2500,4.7431e-15,100,9.9017e+19,1,200,0,200,0
0.0097999,0,-0.00016713,0,2.0347e-16,-1.7188e-05,0,6.014e+06,-17514,5.9963e+06,0,0.0097999,3000,9.902e+19,0,2500,4.7058e-15,100,9.902e+19,1,200.8,0,200.8,0
0.0097721,0,-0.00016713,0,1.5685e-16,-1.721e-05,0,5.9932e+06,-18872,5.9742e+06,0,0.0097721,3000,9.9023e+19,0,2500,4.666e-15,100,9.9023e+19,1,201.6,0,201.6,0
0.0097424,0,-0.00016712,0,4.4817e-17,-1.7234e-05,0,5.9724e+06,-20228,5.952e+06,0,0.0097424,3000,9.9026e+19,0,2500,4.6235e-15,100,9.9026e+19,1,202.4,0,202.4,0
0.0097105,0,-0.00016712,0,-6.6193e-17,-1.7263e-05,0,5.9516e+06,-21582,5.9298e+06,0,0.0097105,3000,9.9029e+19,0,2500,4.5783e-15,100,9.9029e+19,1,203.2,0,203.2,0
0.0096765,0,-0.00016711,0,-4.4068e-16,-1.7295e-05,0,5.9308e+06,-22934,5.9077e+06,0,0.0096765,3000,9.9032e+19,0,2500,4.5303e-15,100,9.9032e+19,1,204,0,204,0
0.0096405,0,-0.00016711,0,9.7628e-17,-1.733e-05,0,5.91e+06,-24284,5.8855e+06,0,0.0096405,3000,9.9036e+19,0,2500,4.48e-15,100,9.9036e+19,1,204.8,0,204.8,0
0.0096026,0,-0.0001671,0,2.71e-16,-1.7369e-05,0,5.8892e+06,-25632,5.8633e+06,0,0.0096026,3000,9.904e+19,0,2500,4.4273e-15,100,9.904e+19,1,205.6,0,205.6,0
0.0095624,0,-0.00016709,0,7.6252e-17,-1.7413e-05,0,5.8684e+06,-26976,5.8411e+06,0,0.0095624,3000,9.9044e+19,0,2500,4.3719e-15,100,9.9044e+19,1,206.4,0,206.4,0
0.0095202,0,-0.00016709,0,-2.5666e-16,-1.746e-05,0,5.8475e+06,-28318,5.8189e+06,0,0.0095202,3000,9.9048e+19,0,2500,4.3143e-15,100,9.9048e+19,1,207.2,0,207.2,0
0.009476,0,-0.00016708,0,-6.3244e-16,-1.7511e-05,0,5.8267e+06,-29657,5.7968e+06,0,0.009476,3000,9.9052e+19,0,2500,4.2545e-15,100,9.9052e+19,1,208,0,208,0
0.0094298,0,-0.00016707,0,2.1983e-16,-1.7566e-05,0,5.8059e+06,-30993,5.7746e+06,0,0.0094298,3000,9.9057e+19,0,2500,4.1926e-15,100,9.9057e+19,1,208.8,0,208.8,0
0.0093815,0,-0.00016706,0,-1.6603e-16,-1.7625e-05,0,5.785e+06,-32325,5.7524e+06,0,0.0093815,3000,9.9062e+19,0,2500,4.1284e-15,100,9.9062e+19,1,209.6,0,209.6,0
0.0093311,0,-0.00016705,0,0,-1.7689e-05,0,5.7641e+06,-33654,5.7302e+06,0,0.0093311,3000,9.9067e+19,0,2500,4.0624e-15,100,9.9067e+19,1,210.4,0,210.4,0
0.0092789,0,-0.00016705,0,0,-1.7756e-05,0,5.7433e+06,-34979,5.708e+06,0,0.0092789,3000,9.9072e+19,0,2500,3.9945e-15,100,9.9072e+19,1,211.2,0,211.2,0
0.0092245,0,-0.00016704,0,-4.9638e-17,-1.7829e-05,0,5.7224e+06,-36300,5.6858e+06,0,0.0092245,3000,9.9078e+19,0,2500,3.9246e-15,100,9.9078e+19,1,212,0,212,0
0.009168,0,-0.00016703,0,-1.2906e-16,-1.7906e-05,0,5.7015e+06,-37617,5.6635e+06,0,0.009168,3000,9.9083e+19,0,2500,3.8531e-15,100,9.9083e+19,1,212.8,0,212.8,0
0.0091097,0,-0.00016702,0,1.8491e-16,-1.7987e-05,0,5.6806e+06,-38930,5.6413e+06,0,0.0091097,3000,9.9089e+19,0,2500,3.7799e-15,100,9.9089e+19,1,213.6,0,213.6,0
0.0090494,0,-0.00016701,0,0,-1.8074e-05,0,5.6597e+06,-40238,5.6191e+06,0,0.0090494,3000,9.9095e+19,0,2500,3.7053e-15,100,9.9095e+19,1,214.4,0,214.4,0
0.0089869,0,-0.000167,0,0,-1.8166e-05,0,5.6388e+06,-41541,5.5968e+06,0,0.0089869,3000,9.9101e+19,0,2500,3.6291e-15,100,9.9101e+19,1,215.2,0,215.2,0
0.0089225,0,-0.00016699,0,1.3974e-16,-1.8263e-05,0,5.6178e+06,-42839,5.5746e+06,0,0.0089225,3000,9.9108e+19,0,2500,3.5517e-15,100,9.9108e+19,1,216,0,216,0
0.0088562,0,-0.00016697,0,-5.7974e-16,-1.8365e-05,0,5.5969e+06,-44132,5.5524e+06,0,0.0088562,3000,9.9114e+19,0,2500,3.4731e-15,100,9.9114e+19,1,216.8,0,216.8,0
0.0087878,0,-0.00016696,0,-6.4496e-16,-1.8472e-05,0,5.5759e+06,-45418,5.5301e+06,0,0.0087878,3000,9.9121e+19,0,2500,3.3933e-15,100,9.9121e+19,1,217.6,0,217.6,0
0.0087175,0,-0.00016695,0,-2.5156e-16,-1.8586e-05,0,5.5549e+06,-46699,5.5078e+06,0,0.0087175,3000,9.9128e+19,0,2500,3.3125e-15,100,9.9128e+19,1,218.4,0,218.4,0
0.0086453,0,-0.00016694,0,0,-1.8706e-05,0,5.5339e+06,-47973,5.4856e+06,0,0.0086453,3000,9.9135e+19,0,2500,3.2308e-15,100,9.9135e+19,1,219.2,0,219.2,0
0.0085712,0,-0.00016693,0,-6.4774e-16,-1.8831e-05,0,5.5129e+06,-49242,5.4633e+06,0,0.0085712,3000,9.9143e+19,0,2500,3.1484e-15,100,9.9143e+19,1,220,0,220,0
0.0084949,0,-0.00016691,0,0,-1.8964e-05,0,5.4919e+06,-50502,5.441e+06,0,0.0084949,3000,9.9151e+19,0,2500,3.0652e-15,100,9.9151e+19,1,220.8,0,220.8,0
0.0084168,0,-0.0001669,0,0,-1.9103e-05,0,5.4709e+06,-51755,5.4187e+06,0,0.0084168,3000,9.9158e+19,0,2500,2.9815e-15,100,9.9158e+19,1,221.6,0,221.6,0
0.0083369,0,-0.00016689,0,3.4235e-16,-1.9248e-05,0,5.4498e+06,-53001,5.3964e+06,0,0.0083369,3000,9.9166e+19,0,2500,2.8973e-15,100,9.9166e+19,1,222.4,0,222.4,0
0.0082551,0,-0.00016687,0,1.7658e-16,-1.9401e-05,0,5.4287e+06,-54239,5.374e+06,0,0.0082551,3000,9.9174e+19,0,2500,2.8128e-15,100,9.9174e+19,1,223.2,0,223.2,0
0.0081712,0,-0.00016686,0,0,-1.9562e-05,0,5.4076e+06,-55467,5.3517e+06,0,0.0081712,3000,9.9183e+19,0,2500,2.7281e-15,100,9.9183e+19,1,224,0,224,0
0.0080856,0,-0.00016685,0,-2.5992e-16,-1.9731e-05,0,5.3865e+06,-56687,5.3294e+06,0,0.0080856,3000,9.9191e+19,0,2500,2.6432e-15,100,9.9191e+19,1,224.8,0,224.8,0
0.0079982,0,-0.00016683,0,-3.7602e-16,-1.9908e-05,0,5.3654e+06,-57898,5.307e+06,0,0.0079982,3000,9.92e+19,0,2500,2.5583e-15,100,9.92e+19,1,225.6,0,225.6,0
0.0079088,0,-0.00016682,0,3.2414e-16,-2.0094e-05,0,5.3442e+06,-59098,5.2846e+06,0,0.0079088,3000,9.9209e+19,0,2500,2.4735e-15,100,9.9209e+19,1,226.4,0,226.4,0
0.0078175,0,-0.0001668,0,-9.8107e-17,-2.0289e-05,0,5.323e+06,-60288,5.2623e+06,0,0.0078175,3000,9.9218e+19,0,2500,2.389e-15,100,9.9218e+19,1,227.2,0,227.2,0
0.0077246,0,-0.00016679,0,-2.1097e-16,-2.0493e-05,0,5.3018e+06,-61467,5.2398e+06,0,0.0077246,3000,9.9228e+19,0,2500,2.3047e-15,100,9.9228e+19,1,228,0,228,0
0.0076298,0,-0.00016677,0,1.4421e-16,-2.0707e-05,0,5.2806e+06,-62634,5.2174e+06,0,0.0076298,3000,9.9237e+19,0,2500,2.2209e-15,100,9.9237e+19,1,228.8,0,228.8,0
0.0075331,0,-0.00016675,0,-1.6679e-16,-2.0932e-05,0,5.2593e+06,-63788,5.195e+06,0,0.0075331,3000,9.9247e+19,0,2500,2.1376e-15,100,9.9247e+19,1,229.6,0,229.6,0
0.0074348,0,-0.00016674,0,-5.9267e-17,-2.1169e-05,0,5.238e+06,-64930,5.1726e+06,0,0.0074348,3000,9.9257e+19,0,2500,2.055e-15,100,9.9257e+19,1,230.4,0,230.4,0
0.0073348,0,-0.00016672,0,2.1782e-16,-2.1416e-05,0,5.2166e+06,-66058,5.1501e+06,0,0.0073348,3000,9.9267e+19,0,2500,1.9731e-15,100,9.9267e+19,1,231.2,0,231.2,0
0.0072329,0,-0.0001667,0,-3.0615e-16,-2.1676e-05,0,5.1953e+06,-67171,5.1276e+06,0,0.0072329,3000,9.9277e+19,0,2500,1.8921e-15,100,9.9277e+19,1,232,0,232,0
0.0071293,0,-0.00016669,0,-3.8498e-16,-2.195e-05,0,5.1738e+06,-68269,5.1051e+06,0,0.0071293,3000,9.9287e+19,0,2500,1.812e-15,100,9.9287e+19,1,232.8,0,232.8,0
0.0070242,0,-0.00016667,0,-1.998e-16,-2.2236e-05,0,5.1524e+06,-69350,5.0826e+06,0,0.0070242,3000,9.9298e+19,0,2500,1.733e-15,100,9.9298e+19,1,233.6,0,233.6,0
0.0069174,0,-0.00016665,0,-1.3514e-16,-2.2667e-05,0,5.1309e+06,-70415,5.06e+06,0,0.0069174,3000,9.9308e+19,0,2500,1.655e-15,100,9.9308e+19,1,234.4,0,234.4,0
0.0068088,0,-0.00016663,0,0,-2.5059e-05,0,5.1094e+06,-71460,5.0374e+06,0,0.0068088,3000,9.9319e+19,0,2500,1.5785e-15,100,9.9319e+19,1,235.2,0,235.2,0
0.0066987,0,-0.00016662,0,-1.1747e-16,-2.3189e-05,0,5.0878e+06,-72487,5.0148e+06,0,0.0066987,3000,9.933e+19,0,2500,1.5032e-15,100,9.933e+19,1,236,0,236,0
0.0065872,0,-0.0001666,0,-7.9425e-17,-2.3539e-05,0,5.0662e+06,-73494,4.9922e+06,0,0.0065872,3000,9.9341e+19,0,2500,1.4292e-15,100,9.9341e+19,1,236.8,0,236.8,0
0.006474,0,-0.00016658,0,2.5599e-16,-2.3908e-05,0,5.0445e+06,-74478,4.9695e+06,0,0.006474,3000,9.9353e+19,0,2500,1.3568e-15,100,9.9353e+19,1,237.6,0,237.6,0
0.0063593,0,-0.00016656,0,1.1701e-16,-2.4298e-05,0,5.0228e+06,-75438,4.9468e+06,0,0.0063593,3000,9.9364e+19,0,2500,1.286e-15,100,9.9364e+19,1,238.4,0,238.4,0
0.0062431,0,-0.00016654,0,8.1494e-18,-2.4708e-05,0,5.001e+06,-76374,4.9241e+06,0,0.0062431,3000,9.9376e+19,0,2500,1.2168e-15,100,9.9376e+19,1,239.2,0,239.2,0
0.0061257,0,-0.00016652,0,0,-2.5139e-05,0,4.9791e+06,-77286,4.9014e+06,0,0.0061257,3000,9.9387e+19,0,2500,1.1493e-15,100,9.9387e+19,1,240,0,240,0
0.0060066,0,-0.0001665,0,-7.257e-17,-2.5597e-05,0,4.9572e+06,-78166,4.8786e+06,0,0.0060066,3000,9.9399e+19,0,2500,1.0837e-15,100,9.9399e+19,1,240.8,0,240.8,0
0.0058863,0,-0.00016648,0,-1.9837e-16,-2.608e-05,0,4.9352e+06,-79017,4.8557e+06,0,0.0058863,3000,9.9411e+19,0,2500,1.02e-15,100,9.9411e+19,1,241.6,0,241.6,0
0.0057648,0,-0.00016646,0,5.7511e-17,-2.6589e-05,0,4.9132e+06,-79839,4.8328e+06,0,0.0057648,3000,9.9424e+19,0,2500,9.5799e-16,100,9.9424e+19,1,242.4,0,242.4,0
0.0056419,0,-0.00016644,0,-2.8933e-16,-2.7128e-05,0,4.891e+06,-80625,4.8099e+06,0,0.0056419,3000,9.9436e+19,0,2500,8.9804e-16,100,9.9436e+19,1,243.2,0,243.2,0
0.0055179,0,-0.00016642,0,0,-2.7701e-05,0,4.8688e+06,-81373,4.787e+06,0,0.0055179,3000,9.9448e+19,0,2500,8.402e-16,100,9.9448e+19,1,244,0,244,0
0.0053927,0,-0.0001664,0,2.8723e-17,-2.8307e-05,0,4.8465e+06,-82083,4.7639e+06,0,0.0053927,3000,9.9461e+19,0,2500,7.8431e-16,100,9.9461e+19,1,244.8,0,244.8,0
0.0052666,0,-0.00016638,0,3.9239e-16,-2.8947e-05,0,4.824e+06,-82754,4.7408e+06,0,0.0052666,3000,9.9473e+19,0,2500,7.3041e-16,100,9.9473e+19,1,245.6,0,245.6,0
0.0051393,0,-0.00016636,0,1.4622e-16,-2.9631e-05,0,4.8015e+06,-83375,4.7177e+06,0,0.0051393,3000,9.9486e+19,0,2500,6.7884e-16,100,9.9486e+19,1,246.4,0,246.4,0
0.0050111,0,-0.00016634,0,7.3071e-17,-3.0358e-05,0,4.7789e+06,-83949,4.6945e+06,0,0.0050111,3000,9.9499e+19,0,2500,6.2936e-16,100,9.9499e+19,1,247.2,0,247.2,0
0.0048821,0,-0.00016631,0,-1.317e-16,-3.1128e-05,0,4.7561e+06,-84474,4.6712e+06,0,0.0048821,3000,9.9512e+19,0,2500,5.8194e-16,100,9.9512e+19,1,248,0,248,0
0.0047523,0,-0.00016629,0,7.4032e-17,-3.195e-05,0,4.7332e+06,-84942,4.6479e+06,0,0.0047523,3000,9.9525e+19,0,2500,5.3669e-16,100,9.9525e+19,1,248.8,0,248.8,0
0.0046218,0,-0.00016627,0,1.0205e-16,-3.283e-05,0,4.7102e+06,-85346,4.6244e+06,0,0.0046218,3000,9.9538e+19,0,2500,4.9379e-16,100,9.9538e+19,1,249.6,0,249.6,0
0.0044907,0,-0.00016625,0,1.1193e-16,-3.3767e-05,0,4.687e+06,-85687,4.6009e+06,0,0.0044907,3000,9.9551e+19,0,2500,4.5297e-16,100,9.9551e+19,1,250.4,0,250.4,0
0.0043592,0,-0.00016623,0,3.9585e-17,-3.4766e-05,0,4.6637e+06,-85961,4.5773e+06,0,0.0043592,3000,9.9564e+19,0,2500,4.1422e-16,100,9.9564e+19,1,251.2,0,251.2,0
0.0042272,0,-0.00016621,0,-1.0403e-16,-3.584e-05,0,4.6401e+06,-86154,4.5536e+06,0,0.0042272,3000,9.9577e+19,0,2500,3.7779e-16,100,9.9577e+19,1,252,0,252,0
0.004095,0,-0.00016618,0,-1.3957e-16,-3.6992e-05,0,4.6164e+06,-86263,4.5298e+06,0,0.004095,3000,9.959e+19,0,2500,3.4351e-16,100,9.959e+19,1,252.8,0,252.8,0
0.0039627,0,-0.00016616,0,-1.0387e-16,-3.8224e-05,0,4.5925e+06,-86288,4.5058e+06,0,0.0039627,3000,9.9604e+19,0,2500,3.1125e-16,100,9.9604e+19,1,253.6,0,253.6,0
0.0038304,0,-0.00016614,0,-1.7903e-16,-3.9545e-05,0,4.5683e+06,-86218,4.4818e+06,0,0.0038304,3000,9.9617e+19,0,2500,2.8102e-16,100,9.9617e+19,1,254.4,0,254.4,0
0.0036983,0,-0.00016612,0,-3.0925e-16,-4.0977e-05,0,4.5439e+06,-86032,4.4576e+06,0,0.0036983,3000,9.963e+19,0,2500,2.5304e-16,100,9.963e+19,1,255.2,0,255.2,0
0.0035665,0,-0.0001661,0,-1.412e-16,-4.2515e-05,0,4.5192e+06,-85738,4.4332e+06,0,0.0035665,3000,9.9643e+19,0,2500,2.2697e-16,100,9.9643e+19,1,256,0,256,0
0.0034353,0,-0.00016608,0,3.8877e-17,-4.4166e-05,0,4.4943e+06,-85325,4.4087e+06,0,0.0034353,3000,9.9656e+19,0,2500,2.0276e-16,100,9.9656e+19,1,256.8,0,256.8,0
0.0033048,0,-0.00016605,0,7.3118e-18,-4.5956e-05,0,4.469e+06,-84771,4.384e+06,0,0.0033048,3000,9.967e+19,0,2500,1.8053e-16,100,9.967e+19,1,257.6,0,257.6,0
0.0031752,0,-0.00016603,0,-2.4722e-17,-4.7893e-05,0,4.4434e+06,-84068,4.359e+06,0,0.0031752,3000,9.9682e+19,0,2500,1.6018e-16,100,9.9682e+19,1,258.4,0,258.4,0
0.0030468,0,-0.00016601,0,-1.2844e-16,-4.998e-05,0,4.4174e+06,-83214,4.3339e+06,0,0.0030468,3000,9.9695e+19,0,2500,1.4151e-16,100,9.9695e+19,1,259.2,0,259.2,0
0.0029197,0,-0.00016599,0,-1.2527e-16,-5.223e-05,0,4.391e+06,-82197,4.3086e+06,0,0.0029197,3000,9.9708e+19,0,2500,1.2445e-16,100,9.9708e+19,1,260,0,260,0
0.0027946,0,-0.00016597,0,1.308e-16,-5.4688e-05,0,4.3642e+06,-80973,4.283e+06,0,0.0027946,3000,9.9721e+19,0,2500,1.092e-16,100,9.9721e+19,1,260.8,0,260.8,0
0.0026713,0,-0.00016595,0,-7.8573e-17,-5.7338e-05,0,4.3369e+06,-79560,4.2571e+06,0,0.0026713,3000,9.9733e+19,0,2500,9.5404e-17,100,9.9733e+19,1,261.6,0,261.6,0
0.0025503,0,-0.00016593,0,-4.2003e-16,-6.0193e-05,0,4.3091e+06,-77944,4.231e+06,0,0.0025503,3000,9.9745e+19,0,2500,8.2981e-17,100,9.9745e+19,1,262.4,0,262.4,0
0.002432,0,-0.00016591,0,-2.2777e-16,-6.3285e-05,0,4.2808e+06,-76097,4.2046e+06,0,0.002432,3000,9.9757e+19,0,2500,7.1949e-17,100,9.9757e+19,1,263.2,0,263.2,0
0.0023168,0,-0.00016589,0,-1.3083e-16,-6.6632e-05,0,4.252e+06,-73998,4.1778e+06,0,0.0023168,3000,9.9768e+19,0,2500,6.2243e-17,100,9.9768e+19,1,264,0,264,0
0.0022049,0,-0.00016587,0,-8.6251e-17,-7.0221e-05,0,4.2225e+06,-71662,4.1507e+06,0,0.0022049,3000,9.978e+19,0,2500,5.3648e-17,100,9.978e+19,1,264.8,0,264.8,0
0.0020965,0,-0.00016585,0,6.6316e-17,-7.4058e-05,0,4.1925e+06,-69081,4.1233e+06,0,0.0020965,3000,9.979e+19,0,2500,4.6083e-17,100,9.979e+19,1,265.6,0,265.6,0
0.0019927,0,-0.00016584,0,-4.3494e-17,-7.8181e-05,0,4.1618e+06,-66214,4.0955e+06,0,0.0019927,3000,9.9801e+19,0,2500,3.9599e-17,100,9.9801e+19,1,266.4,0,266.4,0
0.0018935,0,-0.00016582,0,-2.8987e-17,-8.2552e-05,0,4.1305e+06,-63093,4.0673e+06,0,0.0018935,3000,9.9811e+19,0,2500,3.3983e-17,100,9.9811e+19,1,267.2,0,267.2,0
0.0017989,0,-0.00016581,0,5.4118e-17,-8.7149e-05,0,4.0987e+06,-59736,4.0389e+06,0,0.0017989,3000,9.982e+19,0,2500,2.913e-17,100,9.982e+19,1,268,0,268,0
0.0017097,0,-0.00016579,0,8.964e-17,-9.1957e-05,0,4.0664e+06,-56147,4.0101e+06,0,0.0017097,3000,9.9829e+19,0,2500,2.4996e-17,100,9.9829e+19,1,268.8,0,268.8,0
0.0016266,0,-0.00016578,0,-2.5647e-16,-9.7394e-05,0,4.0335e+06,-52342,3.9811e+06,0,0.0016266,3000,9.9837e+19,0,2500,2.1539e-17,100,9.9837e+19,1,269.6,0,269.6,0
0.0015491,0,-0.00016576,0,-2.8703e-16,-0.00010249,0,4.0003e+06,-48385,3.9518e+06,0,0.0015491,3000,9.9845e+19,0,2500,1.8607e-17,100,9.9845e+19,1,270.4,0,270.4,0
0.0014776,0,-0.00016575,0,-2.1414e-16,-0.00010718,0,3.9668e+06,-44321,3.9224e+06,0,0.0014776,3000,9.9852e+19,0,2500,1.6134e-17,100,9.9852e+19,1,271.2,0,271.2,0
0.0014127,0,-0.00016574,0,-1.6551e-16,-0.00011229,0,3.9332e+06,-40204,3.8929e+06,0,0.0014127,3000,9.9859e+19,0,2500,1.4105e-17,100,9.9859e+19,1,272,0,272,0
0.0013542,0,-0.00016573,0,-6.7197e-17,-0.00011729,0,3.8996e+06,-36107,3.8635e+06,0,0.0013542,3000,9.9865e+19,0,2500,1.2428e-17,100,9.9865e+19,1,272.8,0,272.8,0
0.0013017,0,-0.00016572,0,-1.151e-16,-0.00012212,0,3.8663e+06,-32093,3.8341e+06,0,0.0013017,3000,9.987e+19,0,2500,1.1033e-17,100,9.987e+19,1,273.6,0,273.6,0
0.001255,0,-0.00016572,0,-1.5634e-16,-0.00012669,0,3.8332e+06,-28227,3.805e+06,0,0.001255,3000,9.9874e+19,0,2500,9.8848e-18,100,9.9874e+19,1,274.4,0,274.4,0
0.0012147,0,-0.00016571,0,-1.7047e-16,-0.00013091,0,3.8008e+06,-24597,3.7762e+06,0,0.0012147,3000,9.9879e+19,0,2500,8.9653e-18,100,9.9879e+19,1,275.2,0,275.2,0
0.0011795,0,-0.0001657,0,-3.6261e-16,-0.00013478,0,3.7689e+06,-21221,3.7477e+06,0,0.0011795,3000,9.9882e+19,0,2500,8.2084e-18,100,9.9882e+19,1,276,0,276,0
0.0011491,0,-0.0001657,0,-3.0747e-16,-0.00013828,0,3.7377e+06,-18127,3.7195e+06,0,0.0011491,3000,9.9885e+19,0,2500,7.5875e-18,100,9.9885e+19,1,276.8,0,276.8,0
0.0011234,0,-0.00016569,0,-2.7703e-17,-0.00014136,0,3.7073e+06,-15367,3.6919e+06,0,0.0011234,3000,9.9888e+19,0,2500,7.0892e-18,100,9.9888e+19,1,277.6,0,277.6,0
0.0011018,0,-0.00016569,0,8.6455e-17,-0.00014404,0,3.6776e+06,-12936,3.6646e+06,0,0.0011018,3000,9.989e+19,0,2500,6.688e-18,100,9.989e+19,1,278.4,0,278.4,0
0.0010835,0,-0.00016569,0,6.7995e-17,-0.00014636,0,3.6486e+06,-10803,3.6378e+06,0,0.0010835,3000,9.9892e+19,0,2500,6.3602e-18,100,9.9892e+19,1,279.2,0,279.2,0
0.0010681,0,-0.00016569,0,-1.8442e-17,-0.00014836,0,3.6203e+06,-8954,3.6113e+06,0,0.0010681,3000,9.9893e+19,0,2500,6.093e-18,100,9.9893e+19,1,280,0,280,0
0.0010557,0,-0.00016568,0,-3.8439e-17,-0.00015002,0,3.5927e+06,-7410.4,3.5853e+06,0,0.0010557,3000,9.9894e+19,0,2500,5.883e-18,100,9.9894e+19,1,280.8,0,280.8,0
0.0010453,0,-0.00016568,0,-6.9049e-17,-0.00015142,0,3.5657e+06,-6097.5,3.5595e+06,0,0.0010453,3000,9.9895e+19,0,2500,5.7116e-18,100,9.9895e+19,1,281.6,0,281.6,0
0.0010368,0,-0.00016568,0,-2.2897e-17,-0.00015259,0,3.5391e+06,-4989.5,3.5341e+06,0,0.0010368,3000,9.9896e+19,0,2500,5.5721e-18,100,9.9896e+19,1,282.4,0,282.4,0
0.0010298,0,-0.00016568,0,-4.4931e-17,-0.00015356,0,3.5129e+06,-4072.9,3.5089e+06,0,0.0010298,3000,9.9897e+19,0,2500,5.4603e-18,100,9.9897e+19,1,283.2,0,283.2,0
0.0010242,0,-0.00016568,0,1.0005e-16,-0.00015434,0,3.4872e+06,-3322.9,3.4839e+06,0,0.0010242,3000,9.9898e+19,0,2500,5.3712e-18,100,9.9898e+19,1,284,0,284,0
0.0010195,0,-0.00016568,0,2.2366e-16,-0.00015499,0,3.4617e+06,-2700,3.459e+06,0,0.0010195,3000,9.9898e+19,0,2500,5.2986e-18,100,9.9898e+19,1,284.8,0,284.8,0
0.0010157,0,-0.00016568,0,-1.0383e-17,-0.00015553,0,3.4365e+06,-2185.2,3.4344e+06,0,0.0010157,3000,9.9898e+19,0,2500,5.2396e-18,100,9.9898e+19,1,285.6,0,285.6,0
0.0010127,0,-0.00016568,0,-5.9774e-17,-0.00015596,0,3.4116e+06,-1773.3,3.4098e+06,0,0.0010127,3000,9.9899e+19,0,2500,5.1931e-18,100,9.9899e+19,1,286.4,0,286.4,0
0.0010103,0,-0.00016568,0,-4.8814e-17,-0.00015631,0,3.3868e+06,-1436.1,3.3854e+06,0,0.0010103,3000,9.9899e+19,0,2500,5.1555e-18,100,9.9899e+19,1,287.2,0,287.2,0
0.0010083,0,-0.00016568,0,-6.8425e-18,-0.0001566,0,3.3622e+06,-1159.4,3.361e+06,0,0.0010083,3000,9.9899e+19,0,2500,5.1248e-18,100,9.9899e+19,1,288,0,288,0
0.0010066,0,-0.00016568,0,5.9962e-17,-0.00015683,0,3.3376e+06,-935.1,3.3367e+06,0,0.0010066,3000,9.9899e+19,0,2500,5.1002e-18,100,9.9899e+19,1,288.8,0,288.8,0
0.0010053,0,-0.00016567,0,1.452e-16,-0.00015701,0,3.3132e+06,-756.32,3.3125e+06,0,0.0010053,3000,9.9899e+19,0,2500,5.0807e-18,100,9.9899e+19,1,289.6,0,289.6,0
0.0010043,0,-0.00016567,0,1.4679e-16,-0.00015716,0,3.2889e+06,-610.14,3.2883e+06,0,0.0010043,3000,9.99e+19,0,2500,5.0648e-18,100,9.99e+19,1,290.4,0,290.4,0
0.0010034,0,-0.00016567,0,-8.9883e-17,-0.00015729,0,3.2646e+06,-490.87,3.2641e+06,0,0.0010034,3000,9.99e+19,0,2500,5.0518e-18,100,9.99e+19,1,291.2,0,291.2,0
0.0010028,0,-0.00016567,0,-1.7548e-18,-0.00015739,0,3.2404e+06,-396.08,3.24e+06,0,0.0010028,3000,9.99e+19,0,2500,5.0416e-18,100,9.99e+19,1,292,0,292,0
0.0010022,0,-0.00016567,0,-1.1111e-16,-0.00015746,0,3.2162e+06,-319.58,3.2159e+06,0,0.0010022,3000,9.99e+19,0,2500,5.0334e-18,100,9.99e+19,1,292.8,0,292.8,0
0.0010018,0,-0.00016567,0,-1.5419e-16,-0.00015753,0,3.1921e+06,-257.24,3.1918e+06,0,0.0010018,3000,9.99e+19,0,2500,5.0267e-18,100,9.99e+19,1,293.6,0,293.6,0
0.0010014,0,-0.00016567,0,-1.344e-17,-0.00015758,0,3.168e+06,-206.75,3.1678e+06,0,0.0010014,3000,9.99e+19,0,2500,5.0213e-18,100,9.99e+19,1,294.4,0,294.4,0
0.0010011,0,-0.00016567,0,-3.7936e-17,-0.00015762,0,3.1439e+06,-166.92,3.1437e+06,0,0.0010011,3000,9.99e+19,0,2500,5.017e-18,100,9.99e+19,1,295.2,0,295.2,0
0.0010009,0,-0.00016567,0,-9.8631e-17,-0.00015766,0,3.1198e+06,-134.47,3.1197e+06,0,0.0010009,3000,9.99e+19,0,2500,5.0135e-18,100,9.99e+19,1,296,0,296,0
0.0010007,0,-0.00016567,0,4.2432e-17,-0.00015768,0,3.0958e+06,-108.07,3.0956e+06,0,0.0010007,3000,9.99e+19,0,2500,5.0107e-18,100,9.99e+19,1,296.8,0,296.8,0
0.0010006,0,-0.00016567,0,5.5901e-17,-0.0001577,0,3.0717e+06,-87.028,3.0716e+06,0,0.0010006,3000,9.99e+19,0,2500,5.0085e-18,100,9.99e+19,1,297.6,0,297.6,0
0.0010004,0,-0.00016567,0,1.9302e-16,-0.00015772,0,3.0477e+06,-70.179,3.0476e+06,0,0.0010004,3000,9.99e+19,0,2500,5.0067e-18,100,9.99e+19,1,298.4,0,298.4,0
0.0010003,0,-0.00016567,0,2.5001e-17,-0.00015774,0,3.0236e+06,-56.464,3.0236e+06,0,0.0010003,3000,9.99e+19,0,2500,5.0052e-18,100,9.99e+19,1,299.2,0,299.2,0
0.0010003,0,-0.00016567,0,-4.2638e-17,-0.00015774,0,2.9996e+06,-45.318,2.9996e+06,0,0.0010003,3000,9.99e+19,0,2500,5.004e-18,100,9.99e+19,1,300,0,300,0
0.0010002,0,-0.00016567,0,-4.1282e-17,-0.00015776,0,2.9756e+06,-36.582,2.9756e+06,0,0.0010002,3000,9.99e+19,0,2500,5.0031e-18,100,9.99e+19,1,300.8,0,300.8,0
0.0010002,0,-0.00016567,0,-3.2926e-17,-0.00015776,0,2.9516e+06,-29.468,2.9516e+06,0,0.0010002,3000,9.99e+19,0,2500,5.0023e-18,100,9.99e+19,1,301.6,0,301.6,0
0.0010001,0,-0.00016567,0,2.2692e-17,-0.00015777,0,2.9276e+06,-23.682,2.9276e+06,0,0.0010001,3000,9.99e+19,0,2500,5.0017e-18,100,9.99e+19,1,302.4,0,302.4,0
0.0010001,0,-0.00016567,0,1.3992e-17,-0.00015777,0,2.9036e+06,-19.051,2.9036e+06,0,0.0010001,3000,9.99e+19,0,2500,5.0012e-18,100,9.99e+19,1,303.2,0,303.2,0
0.0010001,0,-0.00016567,0,4.2326e-17,-0.00015778,0,2.8796e+06,-15.364,2.8796e+06,0,0.0010001,3000,9.99e+19,0,2500,5.0008e-18,100,9.99e+19,1,304,0,304,0
0.001,0,-0.00016567,0,1.5108e-17,-0.00015778,0,2.8556e+06,-12.364,2.8556e+06,0,0.001,3000,9.99e+19,0,2500,5.0005e-18,100,9.99e+19,1,304.8,0,304.8,0
0.001,0,-0.00016567,0,4.2382e-17,-0.00015778,0,2.8316e+06,-9.9252,2.8316e+06,0,0.001,3000,9.99e+19,0,2500,5.0002e-18,100,9.99e+19,1,305.6,0,305.6,0
0.001,0,-0.00016567,0,1.346e-16,-0.00015779,0,2.8076e+06,-8.0041,2.8076e+06,0,0.001,3000,9.99e+19,0,2500,5e-18,100,9.99e+19,1,306.4,0,306.4,0
0.00099999,0,-0.00016567,0,1.6434e-16,-0.00015779,0,2.7836e+06,-6.4489,2.7836e+06,0,0.00099999,3000,9.99e+19,0,2500,4.9999e-18,100,9.99e+19,1,307.2,0,307.2,0
0.00099998,0,-0.00016567,0,2.8801e-16,-0.00015779,0,2.7596e+06,-5.184,2.7596e+06,0,0.00099998,3000,9.99e+19,0,2500,4.9997e-18,100,9.99e+19,1,308,0,308,0
0.00099997,0,-0.00016567,0,2.7041e-17,-0.00015779,0,2.7356e+06,-4.1666,2.7356e+06,0,0.00099997,3000,9.99e+19,0,2500,4.9996e-18,100,9.99e+19,1,308.8,0,308.8,0
0.00099997,0,-0.00016567,0,-1.711e-16,-0.00015779,0,2.7116e+06,-3.3609,2.7116e+06,0,0.00099997,3000,9.99e+19,0,2500,4.9995e-18,100,9.99e+19,1,309.6,0,309.6,0
0.00099996,0,-0.00016567,0,-1.5041e-16,-0.00015779,0,2.6876e+06,-2.7052,2.6876e+06,0,0.00099996,3000,9.99e+19,0,2500,4.9995e-18,100,9.99e+19,1,310.4,0,310.4,0
0.00099996,0,-0.00016567,0,-7.717e-17,-0.00015779,0,2.6636e+06,-2.1723,2.6636e+06,0,0.00099996,3000,9.99e+19,0,2500,4.9994e-18,100,9.99e+19,1,311.2,0,311.2,0
0.00099996,0,-0.00016567,0,-1.008e-16,-0.00015779,0,2.6396e+06,-1.7502,2.6396e+06,0,0.00099996,3000,9.99e+19,0,2500,4.9994e-18,100,9.99e+19,1,312,0,312,0
0.00099995,0,-0.00016567,0,1.3829e-16,-0.00015779,0,2.6156e+06,-1.4104,2.6156e+06,0,0.00099995,3000,9.99e+19,0,2500,4.9993e-18,100,9.99e+19,1,312.8,0,312.8,0
0.00099995,0,-0.00016567,0,4.7282e-17,-0.00015779,0,2.5916e+06,-1.1341,2.5916e+06,0,0.00099995,3000,9.99e+19,0,2500,4.9993e-18,100,9.99e+19,1,313.6,0,313.6,0
0.00099995,0,-0.00016567,0,-1.8395e-17,-0.00015779,0,2.5676e+06,-0.91065,2.5676e+06,0,0.00099995,3000,9.99e+19,0,2500,4.9993e-18,100,9.99e+19,1,314.4,0,314.4,0
0.00099995,0,-0.00016567,0,-1.1572e-17,-0.00015779,0,2.5436e+06,-0.73468,2.5436e+06,0,0.00099995,3000,9.99e+19,0,2500,4.9992e-18,100,9.99e+19,1,315.2,0,315.2,0
0.00099995,0,-0.00016567,0,2.0277e-16,-0.00015779,0,2.5196e+06,-0.59143,2.5196e+06,0,0.00099995,3000,9.99e+19,0,2500,4.9992e-18,100,9.99e+19,1,316,0,316,0
0.00099995,0,-0.00016567,0,1.7091e-16,-0.00015779,0,2.4956e+06,-0.47499,2.4956e+06,0,0.00099995,3000,9.99e+19,0,2500,4.9992e-18,100,9.99e+19,1,316.8,0,316.8,0
0.00099995,0,-0.00016567,0,4.8959e-17,-0.00015779,0,2.4716e+06,-0.38228,2.4716e+06,0,0.00099995,3000,9.99e+19,0,2500,4.9992e-18,100,9.99e+19,1,317.6,0,317.6,0
0.00099995,0,-0.00016567,0,1.5645e-16,-0.00015779,0,2.4476e+06,-0.30806,2.4476e+06,0,0.00099995,3000,9.99e+19,0,2500,4.9992e-18,100,9.99e+19,1,318.4,0,318.4,0
0.00099995,0,-0.00016567,0,1.6715e-16,-0.00015779,0,2.4236e+06,-0.24769,2.4236e+06,0,0.00099995,3000,9.99e+19,0,2500,4.9992e-18,100,9.99e+19,1,319.2,0,319.2,0
0.00099995,0,-0.00016567,0,1.5575e-16,-0.00015779,0,2.3996e+06,-0.19864,2.3996e+06,0,0.00099995,3000,9.99e+19,0,2500,4.9992e-18,100,9.99e+19,1,320,0,320,0
0.00099995,0,-0.00016567,0,1.0137e-17,-0.00015779,0,2.3756e+06,-0.16021,2.3756e+06,0,0.00099995,3000,9.99e+19,0,2500,4.9992e-18,100,9.99e+19,1,320.8,0,320.8,0
0.00099995,0,-0.00016567,0,1.3135e-17,-0.00015779,0,2.3516e+06,-0.12892,2.3516e+06,0,0.00099995,3000,9.99e+19,0,2500,4.9992e-18,100,9.99e+19,1,321.6,0,321.6,0
0.00099995,0,-0.00016567,0,9.1861e-17,-0.00015779,0,2.3276e+06,-0.10349,2.3276e+06,0,0.00099995,3000,9.99e+19,0,2500,4.9992e-18,100,9.99e+19,1,322.4,0,322.4,0
0.00099995,0,-0.00016567,0,5.0426e-17,-0.00015779,0,2.3036e+06,-0.083131,2.3036e+06,0,0.00099995,3000,9.99e+19,0,2500,4.9992e-18,100,9.99e+19,1,323.2,0,323.2,0
0.00099995,0,-0.00016567,0,-2.3509e-17,-0.00015779,0,2.2796e+06,-0.066926,2.2796e+06,0,0.00099995,3000,9.99e+19,0,2500,4.9992e-18,100,9.99e+19,1,324,0,324,0
0.00099994,0,-0.00016567,0,-6.8192e-18,-0.00015779,0,2.2556e+06,-0.053741,2.2556e+06,0,0.00099994,3000,9.99e+19,0,2500,4.9992e-18,100,9.99e+19,1,324.8,0,324.8,0
0.00099994,0,-0.00016567,0,2.1157e-18,-0.00015779,0,2.2316e+06,-0.043027,2.2316e+06,0,0.00099994,3000,9.99e+19,0,2500,4.9992e-18,100,9.99e+19,1,325.6,0,325.6,0
0.00099994,0,-0.00016567,0,-1.5466e-16,-0.00015779,0,2.2077e+06,-0.034591,2.2077e+06,0,0.00099994,3000,9.99e+19,0,2500,4.9992e-18,100,9.99e+19,1,326.4,0,326.4,0
0.00099994,0,-0.00016567,0,-3.1617e-17,-0.00015779,0,2.1837e+06,-0.027763,2.1837e+06,0,0.00099994,3000,9.99e+19,0,2500,4.9992e-18,100,9.99e+19,1,327.2,0,327.2,0
0.00099994,0,-0.00016567,0,8.4633e-17,-0.00015779,0,2.1597e+06,-0.02221,2.1597e+06,0,0.00099994,3000,9.99e+19,0,2500,4.9992e-18,100,9.99e+19,1,328,0,328,0
0.00099994,0,-0.00016567,0,-3.8467e-17,-0.00015779,0,2.1357e+06,-0.017745,2.1357e+06,0,0.00099994,3000,9.99e+19,0,2500,4.9992e-18,100,9.99e+19,1,328.8,0,328.8,0
0.00099994,0,-0.00016567,0,-5.2888e-18,-0.00015779,0,2.1117e+06,-0.014209,2.1117e+06,0,0.00099994,3000,9.99e+19,0,2500,4.9992e-18,100,9.99e+19,1,329.6,0,329.6,0
0.00099994,0,-0.00016567,0,-8.5219e-17,-0.00015779,0,2.0877e+06,-0.011337,2.0877e+06,0,0.00099994,3000,9.99e+19,0,2500,4.9992e-18,100,9.99e+19,1,330.4,0,330.4,0
0.00099994,0,-0.00016567,0,-8.0223e-17,-0.00015779,0,2.0637e+06,-0.0090026,2.0637e+06,0,0.00099994,3000,9.99e+19,0,2500,4.9992e-18,100,9.99e+19,1,331.2,0,331.2,0
0.00099994,0,-0.00016567,0,-1.2768e-16,-0.00015779,0,2.0397e+06,-0.0071544,2.0397e+06,0,0.00099994,3000,9.99e+19,0,2500,4.9992e-18,100,9.99e+19,1,332,0,332,0
0.00099994,0,-0.00016567,0,-1.2122e-16,-0.00015779,0,2.0157e+06,-0.0056674,2.0157e+06,0,0.00099994,3000,9.99e+19,0,2500,4.9992e-18,100,9.99e+19,1,332.8,0,332.8,0
0.00099994,0,-0.00016567,0,-1.1854e-16,-0.00015779,0,1.9917e+06,-0.0044597,1.9917e+06,0,0.00099994,3000,9.99e+19,0,2500,4.9992e-18,100,9.99e+19,1,333.6,0,333.6,0
0.00099994,0,-0.00016567,0,-5.4277e-17,-0.00015779,0,1.9677e+06,-0.0034838,1.9677e+06,0,0.00099994,3000,9.99e+19,0,2500,4.9992e-18,100,9.99e+19,1,334.4,0,334.4,0
0.00099994,0,-0.00016567,0,-5.5922e-17,-0.00015779,0,1.9437e+06,-0.0027197,1.9437e+06,0,0.00099994,3000,9.99e+19,0,2500,4.9992e-18,100,9.99e+19,1,335.2,0,335.2,0
0.00099994,0,-0.00016567,0,5.8185e-17,-0.00015779,0,1.9197e+06,-0.0020957,1.9197e+06,0,0.00099994,3000,9.99e+19,0,2500,4.9992e-18,100,9.99e+19,1,336,0,336,0
0.00099994,0,-0.00016567,0,6.0949e-17,-0.00015779,0,1.8957e+06,-0.0015919,1.8957e+06,0,0.00099994,3000,9.99e+19,0,2500,4.9992e-18,100,9.99e+19,1,336.8,0,336.8,0
0.00099994,0,-0.00016567,0,4.9164e-17,-0.00015779,0,1.8717e+06,-0.0011926,1.8717e+06,0,0.00099994,3000,9.99e+19,0,2500,4.9992e-18,100,9.99e+19,1,337.6,0,337.6,0
0.00099994,0,-0.00016567,0,-1.7394e-17,-0.00015779,0,1.8477e+06,-0.00087537,1.8477e+06,0,0.00099994,3000,9.99e+19,0,2500,4.9992e-18,100,9.99e+19,1,338.4,0,338.4,0
0.00099994,0,-0.00016567,0,-1.4293e-16,-0.00015779,0,1.8237e+06,-0.00061844,1.8237e+06,0,0.00099994,3000,9.99e+19,0,2500,4.9992e-18,100,9.99e+19,1,339.2,0,339.2,0
0.00099994,0,-0.00016567,0,-1.5134e-16,-0.00015779,0,1.7997e+06,-0.00040987,1.7997e+06,0,0.00099994,3000,9.99e+19,0,2500,4.9992e-18,100,9.99e+19,1,340,0,340,0
0.00099994,0,-0.00016567,0,3.7993e-17,-0.00015779,0,1.7757e+06,-0.00024762,1.7757e+06,0,0.00099994,3000,9.99e+19,0,2500,4.9992e-18,100,9.99e+19,1,340.8,0,340.8,0
0.00099994,0,-0.00016567,0,1.335e-16,-0.00015779,0,1.7517e+06,-0.00011741,1.7517e+06,0,0.00099994,3000,9.99e+19,0,2500,4.9992e-18,100,9.99e+19,1,341.6,0,341.6,0
0.00099994,0,-0.00016567,0,-2.2685e-17,-0.00015779,0,1.7277e+06,-1.2964e-05,1.7277e+06,0,0.00099994,3000,9.99e+19,0,2500,4.9992e-18,100,9.99e+19,1,342.4,0,342.4,0
0.00099994,0,-0.00016567,0,-4.3518e-17,-0.00015779,0,1.7037e+06,6.7483e-05,1.7037e+06,0,0.00099994,3000,9.99e+19,0,2500,4.9992e-18,100,9.99e+19,1,343.2,0,343.2,0
0.00099994,0,-0.00016567,0,5.2749e-17,-0.00015779,0,1.6797e+06,0.00013283,1.6797e+06,0,0.00099994,3000,9.99e+19,0,2500,4.9992e-18,100,9.99e+19,1,344,0,344,0
0.00099994,0,-0.00016567,0,-1.4223e-16,-0.00015779,0,1.6557e+06,0.00018211,1.6557e+06,0,0.00099994,3000,9.99e+19,0,2500,4.9992e-18,100,9.99e+19,1,344.8,0,344.8,0
0.00099994,0,-0.00016567,0,-2.5108e-16,-0.00015779,0,1.6317e+06,0.00021982,1.6317e+06,0,0.00099994,3000,9.99e+19,0,2500,4.9992e-18,100,9.99e+19,1,345.6,0,345.6,0
0.00099994,0,-0.00016567,0,-3.362e-17,-0.00015779,0,1.6078e+06,0.00025457,1.6078e+06,0,0.00099994,3000,9.99e+19,0,2500,4.9992e-18,100,9.99e+19,1,346.4,0,346.4,0
0.00099994,0,-0.00016567,0,9.9472e-17,-0.00015779,0,1.5838e+06,0.00027781,1.5838e+06,0,0.00099994,3000,9.99e+19,0,2500,4.9992e-18,100,9.99e+19,1,347.2,0,347.2,0
0.00099994,0,-0.00016567,0,2.3583e-16,-0.00015779,0,1.5598e+06,0.00029807,1.5598e+06,0,0.00099994,3000,9.99e+19,0,2500,4.9992e-18,100,9.99e+19,1,348,0,348,0
0.00099994,0,-0.00016567,0,1.0607e-17,-0.00015779,0,1.5358e+06,0.00031073,1.5358e+06,0,0.00099994,3000,9.99e+19,0,2500,4.9992e-18,100,9.99e+19,1,348.8,0,348.8,0
0.00099994,0,-0.00016567,0,4.9133e-17,-0.00015779,0,1.5118e+06,0.00032082,1.5118e+06,0,0.00099994,3000,9.99e+19,0,2500,4.9992e-18,100,9.99e+19,1,349.6,0,349.6,0
0.00099994,0,-0.00016567,0,2.8916e-17,-0.00015779,0,1.4878e+06,0.00032651,1.4878e+06,0,0.00099994,3000,9.99e+19,0,2500,4.9992e-18,100,9.99e+19,1,350.4,0,350.4,0
0.00099994,0,-0.00016567,0,-1.5576e-17,-0.00015779,0,1.4638e+06,0.00033151,1.4638e+06,0,0.00099994,3000,9.99e+19,0,2500,4.9992e-18,100,9.99e+19,1,351.2,0,351.2,0
0.00099994,0,-0.00016567,0,-2.8211e-17,-0.00015779,0,1.4398e+06,0.00033415,1.4398e+06,0,0.00099994,3000,9.99e+19,0,2500,4.9992e-18,100,9.99e+19,1,352,0,352,0
0.00099994,0,-0.00016567,0,7.0417e-19,-0.00015779,0,1.4158e+06,0.0003363,1.4158e+06,0,0.00099994,3000,9.99e+19,0,2500,4.9992e-18,100,9.99e+19,1,352.8,0,352.8,0
0.00099994,0,-0.00016567,0,-2.2632e-18,-0.00015779,0,1.3918e+06,0.00033814,1.3918e+06,0,0.00099994,3000,9.99e+19,0,2500,4.9992e-18,100,9.99e+19,1,353.6,0,353.6,0
0.00099994,0,-0.00016567,0,6.4945e-17,-0.00015779,0,1.3678e+06,0.00033914,1.3678e+06,0,0.00099994,3000,9.99e+19,0,2500,4.9992e-18,100,9.99e+19,1,354.4,0,354.4,0
0.00099994,0,-0.00016567,0,7.8193e-18,-0.00015779,0,1.3438e+06,0.00034186,1.3438e+06,0,0.00099994,3000,9.99e+19,0,2500,4.9992e-18,100,9.99e+19,1,355.2,0,355.2,0
0.00099994,0,-0.00016567,0,1.3415e-16,-0.00015779,0,1.3198e+06,0.00034755,1.3198e+06,0,0.00099994,3000,9.99e+19,0,2500,4.9992e-18,100,9.99e+19,1,356,0,356,0
0.00099994,0,-0.00016567,0,7.4969e-18,-0.00015779,0,1.2958e+06,0.00035131,1.2958e+06,0,0.00099994,3000,9.99e+19,0,2500,4.9992e-18,100,9.99e+19,1,356.8,0,356.8,0
0.00099994,0,-0.00016567,0,-4.95e-17,-0.00015779,0,1.2718e+06,0.000359,1.2718e+06,0,0.00099994,3000,9.99e+19,0,2500,4.9992e-18,100,9.99e+19,1,357.6,0,357.6,0
0.00099994,0,-0.00016567,0,-2.0267e-18,-0.00015779,0,1.2478e+06,0.00037119,1.2478e+06,0,0.00099994,3000,9.99e+19,0,2500,4.9992e-18,100,9.99e+19,1,358.4,0,358.4,0
0.00099994,0,-0.00016567,0,-1.4106e-16,-0.00015779,0,1.2238e+06,0.00038545,1.2238e+06,0,0.00099994,3000,9.99e+19,0,2500,4.9992e-18,100,9.99e+19,1,359.2,0,359.2,0
0.00099994,0,-0.00016567,0,-3.3427e-17,-0.00015779,0,1.1998e+06,0.00040374,1.1998e+06,0,0.00099994,3000,9.99e+19,0,2500,4.9992e-18,100,9.99e+19,1,360,0,360,0
0.00099994,0,-0.00016567,0,6.4913e-17,-0.00015779,0,1.1758e+06,0.00043496,1.1758e+06,0,0.00099994,3000,9.99e+19,0,2500,4.9992e-18,100,9.99e+19,1,360.8,0,360.8,0
0.00099994,0,-0.00016567,0,7.4171e-17,-0.00015779,0,1.1518e+06,0.00047192,1.1518e+06,0,0.00099994,3000,9.99e+19,0,2500,4.9992e-18,100,9.99e+19,1,361.6,0,361.6,0
0.00099994,0,-0.00016567,0,8.9779e-18,-0.00015779,0,1.1278e+06,0.00051939,1.1278e+06,0,0.00099994,3000,9.99e+19,0,2500,4.9992e-18,100,9.99e+19,1,362.4,0,362.4,0
0.00099994,0,-0.00016567,0,-3.3336e-17,-0.00015779,0,1.1038e+06,0.00058017,1.1038e+06,0,0.00099994,3000,9.99e+19,0,2500,4.9992e-18,100,9.99e+19,1,363.2,0,363.2,0
0.00099994,0,-0.00016567,0,1.0028e-16,-0.00015779,0,1.0798e+06,0.00066018,1.0798e+06,0,0.00099994,3000,9.99e+19,0,2500,4.9992e-18,100,9.99e+19,1,364,0,364,0
0.00099994,0,-0.00016567,0,6.6326e-17,-0.00015779,0,1.0558e+06,0.00075868,1.0558e+06,0,0.00099994,3000,9.99e+19,0,2500,4.9992e-18,100,9.99e+19,1,364.8,0,364.8,0
0.00099994,0,-0.00016567,0,1.4252e-17,-0.00015779,0,1.0318e+06,0.00088328,1.0318e+06,0,0.00099994,3000,9.99e+19,0,2500,4.9992e-18,100,9.99e+19,1,365.6,0,365.6,0
0.00099994,0,-0.00016567,0,6.9485e-17,-0.00015779,0,1.0079e+06,0.0010441,1.0079e+06,0,0.00099994,3000,9.99e+19,0,2500,4.9992e-18,100,9.99e+19,1,366.4,0,366.4,0
0.00099994,0,-0.00016567,0,5.1604e-17,-0.00015779,0,9.8385e+05,0.0012456,9.8385e+05,0,0.00099994,3000,9.99e+19,0,2500,4.9992e-18,100,9.99e+19,1,367.2,0,367.2,0
0.00099994,0,-0.00016567,0,1.1696e-16,-0.00015779,0,9.5986e+05,0.0014944,9.5986e+05,0,0.00099994,3000,9.99e+19,0,2500,4.9992e-18,100,9.99e+19,1,368,0,368,0
0.00099994,0,-0.00016567,0,7.955e-17,-0.00015779,0,9.3586e+05,0.001805,9.3586e+05,0,0.00099994,3000,9.99e+19,0,2500,4.9992e-18,100,9.99e+19,1,368.8,0,368.8,0
0.00099994,0,-0.00016567,0,-4.5848e-18,-0.00015779,0,9.1187e+05,0.0022018,9.1187e+05,0,0.00099994,3000,9.99e+19,0,2500,4.9992e-18,100,9.99e+19,1,369.6,0,369.6,0
0.00099994,0,-0.00016567,0,-6.0066e-17,-0.00015779,0,8.8787e+05,0.0026903,8.8787e+05,0,0.00099994,3000,9.99e+19,0,2500,4.9992e-18,100,9.99e+19,1,370.4,0,370.4,0
0.00099994,0,-0.00016567,0,5.065e-17,-0.00015779,0,8.6387e+05,0.0032928,8.6387e+05,0,0.00099994,3000,9.99e+19,0,2500,4.9992e-18,100,9.99e+19,1,371.2,0,371.2,0
0.00099994,0,-0.00016567,0,8.86e-17,-0.00015779,0,8.3988e+05,0.0040572,8.3988e+05,0,0.00099994,3000,9.99e+19,0,2500,4.9992e-18,100,9.99e+19,1,372,0,372,0
0.00099994,0,-0.00016567,0,1.6982e-16,-0.00015779,0,8.1588e+05,0.0050111,8.1588e+05,0,0.00099994,3000,9.99e+19,0,2500,4.9992e-18,100,9.99e+19,1,372.8,0,372.8,0
0.00099994,0,-0.00016567,0,1.3906e-16,-0.00015779,0,7.9189e+05,0.0061853,7.9189e+05,0,0.00099994,3000,9.99e+19,0,2500,4.9992e-18,100,9.99e+19,1,373.6,0,373.6,0
0.00099994,0,-0.00016567,0,-9.4924e-18,-0.00015779,0,7.6789e+05,0.0076362,7.6789e+05,0,0.00099994,3000,9.99e+19,0,2500,4.9992e-18,100,9.99e+19,1,374.4,0,374.4,0
0.00099994,0,-0.00016567,0,7.6671e-17,-0.00015779,0,7.4389e+05,0.0094871,7.4389e+05,0,0.00099994,3000,9.99e+19,0,2500,4.9992e-18,100,9.99e+19,1,375.2,0,375.2,0
0.00099994,0,-0.00016567,0,1.2144e-16,-0.00015779,0,7.199e+05,0.011763,7.199e+05,0,0.00099994,3000,9.99e+19,0,2500,4.9992e-18,100,9.99e+19,1,376,0,376,0
0.00099994,0,-0.00016567,0,4.8944e-17,-0.00015779,0,6.959e+05,0.014563,6.959e+05,0,0.00099994,3000,9.99e+19,0,2500,4.9992e-18,100,9.99e+19,1,376.8,0,376.8,0
0.00099994,0,-0.00016567,0,-1.1738e-16,-0.00015779,0,6.7191e+05,0.018084,6.7191e+05,0,0.00099994,3000,9.99e+19,0,2500,4.9992e-18,100,9.99e+19,1,377.6,0,377.6,0
0.00099994,0,-0.00016567,0,-1.41e-16,-0.00015779,0,6.4791e+05,0.022487,6.4791e+05,0,0.00099994,3000,9.99e+19,0,2500,4.9992e-18,100,9.99e+19,1,378.4,0,378.4,0
0.00099994,0,-0.00016567,0,-1.0135e-16,-0.00015779,0,6.2391e+05,0.027904,6.2391e+05,0,0.00099994,3000,9.99e+19,0,2500,4.9992e-18,100,9.99e+19,1,379.2,0,379.2,0
0.00099994,0,-0.00016567,0,-5.2896e-17,-0.00015779,0,5.9992e+05,0.034563,5.9992e+05,0,0.00099994,3000,9.99e+19,0,2500,4.9992e-18,100,9.99e+19,1,380,0,380,0
0.00099994,0,-0.00016567,0,-4.0608e-17,-0.00015779,0,5.7592e+05,0.043064,5.7592e+05,0,0.00099994,3000,9.99e+19,0,2500,4.9992e-18,100,9.99e+19,1,380.8,0,380.8,0
0.00099994,0,-0.00016567,0,7.9997e-17,-0.00015779,0,5.5193e+05,0.053532,5.5193e+05,0,0.00099994,3000,9.99e+19,0,2500,4.9992e-18,100,9.99e+19,1,381.6,0,381.6,0
0.00099994,0,-0.00016567,0,5.842e-17,-0.00015779,0,5.2793e+05,0.0664,5.2793e+05,0,0.00099994,3000,9.99e+19,0,2500,4.9992e-18,100,9.99e+19,1,382.4,0,382.4,0
0.00099995,0,-0.00016567,0,-1.2208e-16,-0.00015779,0,5.0393e+05,0.082482,5.0393e+05,0,0.00099995,3000,9.99e+19,0,2500,4.9992e-18,100,9.99e+19,1,383.2,0,383.2,0
0.00099995,0,-0.00016567,0,-1.6188e-16,-0.00015779,0,4.7994e+05,0.10268,4.7994e+05,0,0.00099995,3000,9.99e+19,0,2500,4.9992e-18,100,9.99e+19,1,384,0,384,0
0.00099995,0,-0.00016567,0,-1.3683e-16,-0.00015779,0,4.5594e+05,0.12754,4.5594e+05,0,0.00099995,3000,9.99e+19,0,2500,4.9992e-18,100,9.99e+19,1,384.8,0,384.8,0
0.00099995,0,-0.00016567,0,-4.1912e-17,-0.00015779,0,4.3195e+05,0.15809,4.3195e+05,0,0.00099995,3000,9.99e+19,0,2500,4.9992e-18,100,9.99e+19,1,385.6,0,385.6,0
0.00099995,0,-0.00016567,0,-1.5314e-16,-0.00015779,0,4.0795e+05,0.19688,4.0795e+05,0,0.00099995,3000,9.99e+19,0,2500,4.9992e-18,100,9.99e+19,1,386.4,0,386.4,0
0.00099995,0,-0.00016567,0,-1.1143e-16,-0.00015779,0,3.8395e+05,0.24487,3.8395e+05,0,0.00099995,3000,9.99e+19,0,2500,4.9992e-18,100,9.99e+19,1,387.2,0,387.2,0
0.00099995,0,-0.00016567,0,-1.1138e-16,-0.00015779,0,3.5996e+05,0.30388,3.5996e+05,0,0.00099995,3000,9.99e+19,0,2500,4.9992e-18,100,9.99e+19,1,388,0,388,0
0.00099995,0,-0.00016567,0,-1.6199e-16,-0.00015779,0,3.3596e+05,0.3772,3.3596e+05,0,0.00099995,3000,9.99e+19,0,2500,4.9992e-18,100,9.99e+19,1,388.8,0,388.8,0
0.00099995,0,-0.00016567,0,-9.4061e-17,-0.00015779,0,3.1197e+05,0.46981,3.1197e+05,0,0.00099995,3000,9.99e+19,0,2500,4.9992e-18,100,9.99e+19,1,389.6,0,389.6,0
0.00099995,0,-0.00016567,0,-1.4384e-16,-0.00015779,0,2.8797e+05,0.58376,2.8797e+05,0,0.00099995,3000,9.99e+19,0,2500,4.9992e-18,100,9.99e+19,1,390.4,0,390.4,0
0.00099995,0,-0.00016567,0,-6.2769e-17,-0.00015779,0,2.6397e+05,0.72381,2.6397e+05,0,0.00099995,3000,9.99e+19,0,2500,4.9992e-18,100,9.99e+19,1,391.2,0,391.2,0
0.00099995,0,-0.00016567,0,-7.3394e-17,-0.00015779,0,2.3998e+05,0.9007,2.3998e+05,0,0.00099995,3000,9.99e+19,0,2500,4.9993e-18,100,9.99e+19,1,392,0,392,0
0.00099995,0,-0.00016567,0,-1.3317e-16,-0.00015779,0,2.1598e+05,1.1206,2.1598e+05,0,0.00099995,3000,9.99e+19,0,2500,4.9993e-18,100,9.99e+19,1,392.8,0,392.8,0
0.00099995,0,-0.00016567,0,-6.8152e-17,-0.00015779,0,1.9198e+05,1.3912,1.9198e+05,0,0.00099995,3000,9.99e+19,0,2500,4.9993e-18,100,9.99e+19,1,393.6,0,393.6,0
0.00099996,0,-0.00016567,0,6.2485e-18,-0.00015779,0,1.6799e+05,1.7254,1.6799e+05,0,0.00099996,3000,9.99e+19,0,2500,4.9993e-18,100,9.99e+19,1,394.4,0,394.4,0
0.00099996,0,-0.00016567,0,-4.2802e-17,-0.00015779,0,1.4399e+05,2.1497,1.4399e+05,0,0.00099996,3000,9.99e+19,0,2500,4.9994e-18,100,9.99e+19,1,395.2,0,395.2,0
0.00099996,0,-0.00016567,0,-9.4811e-17,-0.00015779,0,1.1999e+05,2.672,1.1999e+05,0,0.00099996,3000,9.99e+19,0,2500,4.9994e-18,100,9.99e+19,1,396,0,396,0
0.00099997,0,-0.00016567,0,-8.9427e-17,-0.00015779,0,95995,3.3139,95998,0,0.00099997,3000,9.99e+19,0,2500,4.9995e-18,100,9.99e+19,1,396.8,0,396.8,0
0.00099997,0,-0.00016567,0,-1.4571e-17,-0.00015779,0,71997,4.1204,72001,0,0.00099997,3000,9.99e+19,0,2500,4.9996e-18,100,9.99e+19,1,397.6,0,397.6,0
0.00099998,0,-0.00016567,0,8.6133e-17,-0.00015779,0,47999,5.1283,48004,0,0.00099998,3000,9.99e+19,0,2500,4.9997e-18,100,9.99e+19,1,398.4,0,398.4,0
0.00099999,0,-0.00016567,0,2.2344e-17,-0.00015779,0,23999,6.3681,24006,0,0.00099999,3000,9.99e+19,0,2500,4.9998e-18,100,9.99e+19,1,399.2,0,399.2,0
0.001,0,-0.00016567,0,6.96e-17,-0.00015779,0,1.5538e-06,7.891,7.8989,0,0.001,3000,9.99e+19,0,2500,5e-18,100,9.99e+19,1,400,0,400,0
